timestamp_ms,wire1_pin34,wire2_pin32
13119,0,0
13129,0,0
13139,0,0
13149,0,0
13159,0,0
13169,0,0
13179,0,0
13189,0,0
13199,0,0
13209,0,0
13219,0,0
13229,0,0
13239,0,0
13249,0,0
13259,0,0
13269,0,0
13279,0,0
13289,0,0
13299,0,0
13309,0,0
13319,0,0
13329,0,0
13339,0,0
13349,0,0
13359,0,0
13369,0,0
13379,0,0
13389,0,0
13399,0,0
13409,0,0
13419,0,0
13429,0,0
13439,0,0
13449,0,0
13459,0,0
13469,0,0
13479,0,0
13489,0,0
13499,0,0
13509,0,0
13519,0,0
13529,0,0
13539,0,0
13549,0,16
13559,0,48
13569,0,98
13579,0,95
13589,0,77
13599,0,71
13609,32,50
13619,122,46
13629,145,34
13639,128,48
13649,140,48
13659,147,30
13669,198,33
13679,176,47
13689,468,38
13699,720,60
13709,703,39
13719,656,31
13729,576,26
13739,466,21
13749,417,6
13759,383,20
13769,361,16
13779,300,10
13789,224,14
13799,163,61
13809,144,93
13819,93,111
13829,77,80
13839,16,119
13849,41,177
13859,33,272
13869,16,294
13879,34,248
13889,62,287
13899,91,283
13909,85,287
13919,29,272
13929,99,246
13939,90,249
13949,63,213
13959,59,195
13969,69,153
13979,48,115
13989,47,103
13999,9,80
14009,16,68
14019,47,61
14029,21,32
14039,20,39
14049,0,29
14059,42,29
14069,21,46
14079,25,29
14089,12,27
14099,5,6
14109,49,0
14119,0,2
14129,63,13
14139,0,33
14149,0,17
14159,0,23
14169,0,46
14179,0,104
14189,1,97
14199,0,87
14209,0,126
14219,0,145
14229,0,107
14239,0,123
14249,0,144
14259,0,103
14269,0,80
14279,0,90
14289,0,130
14299,0,128
14309,0,155
14319,0,112
14329,0,77
14339,0,75
14349,0,64
14359,0,48
14369,0,30
14379,2,27
14389,1,19
14399,0,4
14409,0,0
14419,0,0
14429,0,0
14439,0,0
14449,0,0
14459,0,0
14469,0,0
14479,0,0
14489,0,0
14499,0,0
14509,0,0
14519,0,0
14529,0,0
14539,0,0
14549,0,0
14559,0,0
14569,0,0
14579,0,0
14589,0,0
14599,0,0
14609,0,0
14619,0,0
14629,0,0
14639,0,0
14649,0,0
14659,0,0
14669,0,0
14679,0,0
14689,0,0
14699,0,0
14709,0,0
14719,0,0
14729,5,0
14739,0,0
14749,0,0
14759,0,9
14769,0,11
14779,0,23
14789,0,14
14799,0,0
14809,0,0
14819,0,0
14829,0,0
14839,0,0
14849,0,0
14859,0,0
14869,0,0
14879,0,0
14889,0,0
14899,0,0
14909,0,0
14919,0,0
14929,0,0
14939,0,0
14949,0,0
14959,0,0
14969,0,0
14979,0,0
14989,0,0
14999,0,0
15009,0,0
15019,0,0
15029,0,0
15039,0,0
15049,0,0
15059,0,0
15069,0,0
15079,9,0
15089,0,0
15099,0,0
15109,0,0
19618,0,0
19628,0,0
19638,0,0
19648,0,0
19658,0,0
19668,0,0
19678,0,0
19688,0,0
19698,0,0
19708,0,0
19718,0,0
19728,0,0
19738,0,0
19748,0,0
19758,0,0
19768,0,0
19778,0,0
19788,0,0
19798,0,0
19808,0,0
19818,0,0
19828,0,0
19838,0,0
19848,0,0
19858,0,0
19868,0,0
19878,0,0
19888,0,0
19898,0,0
19908,0,0
19918,0,0
19928,17,0
19938,70,0
19948,75,0
19958,115,0
19968,133,28
19978,239,16
19988,283,27
19998,370,16
20008,384,1
20018,378,18
20028,398,26
20038,368,18
20048,415,15
20058,347,4
20068,326,0
20078,295,0
20088,235,11
20098,201,7
20108,156,0
20118,118,0
20128,78,0
20138,52,16
20148,32,39
20158,21,54
20168,21,64
20178,28,79
20188,48,94
20198,71,68
20208,89,74
20218,68,46
20228,48,52
20238,48,39
20248,17,27
20258,16,37
20268,6,18
20278,0,6
20288,0,0
20298,0,0
20308,0,0
20318,0,0
20328,0,11
20338,0,0
20348,0,0
20358,0,7
20368,0,6
20378,0,0
20388,0,0
20398,0,0
20408,0,60
20418,0,70
20428,0,85
20438,79,79
20448,20,80
20458,25,95
20468,43,128
20478,31,147
20488,57,178
20498,29,160
20508,48,130
20518,0,123
20528,87,163
20538,144,182
20548,103,182
20558,68,192
20568,64,160
20578,34,139
20588,22,115
20598,16,111
20608,2,109
20618,0,96
20628,0,112
20638,0,153
20648,0,158
20658,14,172
20668,34,162
20678,0,181
20688,81,186
20698,7,161
20708,6,129
20718,0,110
20728,0,110
20738,0,99
20748,0,128
20758,0,112
20768,0,89
20778,0,65
20788,0,80
20798,0,67
20808,0,163
20818,0,157
20828,0,131
20838,0,126
20848,0,139
20858,0,103
20868,0,94
20878,0,67
20888,0,42
20898,0,32
20908,0,22
20918,0,32
20928,0,49
20938,0,59
20948,0,49
20958,0,47
20968,0,26
20978,0,21
20988,0,18
20998,0,27
21008,0,46
21018,0,26
21028,0,42
21038,0,74
21048,0,64
21058,0,54
21068,0,36
21078,0,16
21088,0,15
21098,0,19
21108,0,7
21118,0,12
21128,0,21
21138,0,16
21148,0,34
21158,0,52
21168,0,61
21178,0,46
21188,0,33
21198,0,35
21208,0,43
21218,0,47
21228,0,60
21238,0,48
21248,0,67
21258,0,55
21268,0,48
21278,0,37
21288,0,20
21298,16,48
21308,3,81
21318,0,109
21328,0,82
21338,0,67
21348,0,62
21358,0,65
21368,0,115
21378,0,85
21388,0,87
21398,0,90
21408,0,109
21418,0,81
21428,0,80
21438,0,65
21448,0,73
21458,0,129
21468,0,108
21478,0,110
21488,0,114
21498,0,97
21508,0,71
21518,0,76
21528,0,111
21538,0,85
21548,0,74
21558,0,62
21568,0,48
21578,0,34
21588,0,14
21598,0,18
21608,0,22
26117,0,0
26127,0,0
26137,0,0
26147,0,0
26157,0,0
26167,0,0
26177,0,0
26187,0,0
26197,0,0
26207,0,0
26217,0,0
26227,0,0
26237,0,0
26247,0,0
26257,0,0
26267,0,0
26277,0,0
26287,0,0
26297,0,0
26307,0,0
26317,0,0
26327,0,0
26337,0,0
26347,0,0
26357,7,0
26367,48,0
26377,86,17
26387,150,12
26397,194,4
26407,202,16
26417,186,16
26427,176,16
26437,155,39
26447,210,37
26457,250,64
26467,303,58
26477,304,58
26487,272,61
26497,218,43
26507,169,34
26517,139,16
26527,112,7
26537,79,0
26547,69,0
26557,62,0
26567,48,0
26577,16,34
26587,15,61
26597,0,74
26607,3,94
26617,0,103
26627,0,131
26637,0,192
26647,0,166
26657,0,143
26667,0,112
26677,0,107
26687,0,78
26697,0,61
26707,0,43
26717,0,21
26727,0,9
26737,0,0
26747,0,0
26757,0,5
26767,0,16
26777,0,7
26787,0,0
26797,0,11
26807,0,2
26817,0,3
26827,0,5
26837,0,5
26847,0,7
26857,0,0
26867,0,5
26877,0,0
26887,7,0
26897,9,16
26907,35,47
26917,47,77
26927,47,68
26937,57,48
26947,74,74
26957,71,108
26967,51,106
26977,52,101
26987,45,146
26997,22,159
27007,11,132
27017,0,156
27027,0,139
27037,0,112
27047,0,155
27057,0,176
27067,0,146
27077,0,179
27087,0,197
27097,0,183
27107,0,219
27117,0,199
27127,0,171
27137,0,179
27147,0,174
27157,0,143
27167,0,119
27177,0,114
27187,0,106
27197,0,84
27207,0,89
27217,0,102
27227,0,80
27237,0,61
27247,0,48
27257,0,58
27267,0,48
27277,0,39
27287,0,30
27297,0,9
27307,0,16
27317,0,6
27327,0,4
27337,0,7
27347,0,45
27357,0,31
27367,0,49
27377,0,54
27387,0,48
27397,0,33
27407,0,16
27417,0,18
27427,0,13
27437,0,5
27447,0,0
27457,0,0
27467,0,0
27477,0,0
27487,0,1
27497,0,11
27507,0,16
27517,0,5
27527,0,12
27537,0,15
27547,0,2
27557,0,0
27567,0,0
27577,0,0
27587,0,0
27597,0,0
27607,0,0
27617,0,14
27627,0,0
27637,0,0
27647,0,0
27657,0,0
27667,0,0
27677,0,0
27687,0,0
27697,0,0
27707,0,0
27717,0,0
27727,0,0
27737,0,0
27747,0,10
27757,0,1
27767,0,0
27777,0,0
27787,0,6
27797,0,0
27807,0,27
27817,0,14
27827,0,0
27837,0,1
27847,0,9
27857,0,22
27867,0,39
27877,0,32
27887,0,39
27897,0,24
27907,0,22
27917,0,16
27927,0,16
27937,0,32
27947,0,35
27957,0,43
27967,0,39
27977,0,34
27987,0,18
27997,0,21
28007,0,22
28017,0,11
28027,0,0
28037,0,0
28047,0,0
28057,0,0
28067,0,0
28077,0,0
28087,0,0
28097,0,0
28107,0,0
32616,0,0
32626,0,0
32636,0,0
32646,0,0
32656,0,0
32666,0,0
32676,0,0
32686,0,0
32696,0,0
32706,0,0
32716,0,0
32726,0,0
32736,0,0
32746,0,0
32756,0,0
32766,0,0
32776,0,0
32786,0,0
32796,0,0
32806,0,0
32816,0,0
32826,0,0
32836,0,0
32846,0,0
32856,0,0
32866,0,0
32876,0,0
32886,0,0
32896,0,0
32906,0,0
32916,0,0
32926,0,0
32936,0,0
32946,0,0
32956,0,0
32966,0,0
32976,0,0
32986,0,0
32996,0,0
33006,11,0
33016,25,0
33026,32,0
33036,40,0
33046,19,0
33056,29,0
33066,63,0
33076,112,0
33086,137,0
33096,271,0
33106,405,8
33116,389,15
33126,359,17
33136,335,29
33146,425,23
33156,529,31
33166,462,39
33176,545,39
33186,507,26
33196,443,19
33206,426,15
33216,395,13
33226,411,43
33236,352,33
33246,294,21
33256,320,26
33266,400,46
33276,333,31
33286,275,15
33296,238,2
33306,214,18
33316,175,0
33326,124,0
33336,93,0
33346,79,0
33356,61,0
33366,33,0
33376,17,0
33386,0,3
33396,0,0
33406,0,2
33416,0,23
33426,0,89
33436,0,149
33446,0,144
33456,0,96
33466,0,115
33476,0,144
33486,0,128
33496,0,124
33506,0,95
33516,0,77
33526,0,45
33536,0,52
33546,0,64
33556,0,44
33566,0,26
33576,0,16
33586,0,15
33596,0,44
33606,0,48
33616,0,32
33626,0,34
33636,0,19
33646,0,11
33656,0,32
33666,0,17
33676,17,11
33686,46,3
33696,16,0
33706,10,33
33716,28,27
33726,11,32
33736,17,73
33746,18,82
33756,48,96
33766,12,123
33776,0,167
33786,0,144
33796,0,176
33806,0,197
33816,0,209
33826,0,205
33836,0,215
33846,0,271
33856,0,304
33866,0,240
33876,0,209
33886,0,211
33896,0,192
33906,0,176
33916,0,150
33926,0,133
33936,0,97
33946,0,81
33956,0,88
33966,0,74
33976,0,68
33986,0,57
33996,0,36
34006,0,19
34016,0,27
34026,0,29
34036,0,49
34046,0,43
34056,0,23
34066,0,32
34076,0,23
34086,0,19
34096,0,19
34106,0,27
34116,0,34
34126,0,45
34136,0,34
34146,0,32
34156,0,26
34166,0,16
34176,0,2
34186,0,0
34196,0,0
34206,0,0
34216,0,0
34226,0,0
34236,0,0
34246,0,0
34256,0,0
34266,0,0
34276,0,0
34286,0,0
34296,0,0
34306,0,0
34316,0,0
34326,0,0
34336,0,0
34346,0,0
34356,0,0
34366,0,0
34376,0,0
34386,0,0
34396,0,0
34406,0,0
34416,0,0
34426,0,0
34436,0,0
34446,0,0
34456,0,0
34466,0,0
34476,0,0
34486,0,0
34496,0,0
34506,0,0
34516,0,0
34526,0,0
34536,0,0
34546,0,0
34556,0,0
34566,0,0
34576,0,0
34586,0,0
34596,0,0
34606,0,0
39115,0,0
39125,0,0
39135,0,0
39145,0,0
39155,0,0
39165,0,0
39175,0,0
39185,0,0
39195,0,0
39205,0,0
39215,0,0
39225,0,0
39235,0,0
39245,0,0
39255,0,0
39265,0,0
39275,0,0
39285,0,0
39295,0,0
39305,0,0
39315,0,0
39325,0,0
39335,0,0
39345,0,0
39355,35,0
39365,86,0
39375,121,0
39385,129,0
39395,128,0
39405,146,0
39415,157,10
39425,213,0
39435,240,7
39445,259,10
39455,240,22
39465,271,54
39475,299,49
39485,296,41
39495,304,59
39505,256,59
39515,258,46
39525,218,41
39535,167,25
39545,117,15
39555,85,2
39565,63,5
39575,37,0
39585,16,0
39595,0,0
39605,0,16
39615,0,46
39625,0,39
39635,0,48
39645,0,61
39655,14,44
39665,0,21
39675,0,8
39685,0,1
39695,0,26
39705,0,25
39715,0,5
39725,0,0
39735,0,0
39745,0,0
39755,0,3
39765,0,0
39775,0,0
39785,0,5
39795,0,3
39805,0,17
39815,0,21
39825,0,6
39835,0,22
39845,0,13
39855,0,22
39865,0,48
39875,0,58
39885,0,157
39895,0,189
39905,0,251
39915,0,219
39925,0,183
39935,6,210
39945,0,181
39955,0,150
39965,0,161
39975,0,131
39985,0,138
39995,0,127
40005,0,110
40015,0,109
40025,0,101
40035,0,81
40045,0,102
40055,0,179
40065,0,210
40075,0,223
40085,0,183
40095,0,158
40105,0,142
40115,0,135
40125,0,128
40135,0,187
40145,0,166
40155,0,121
40165,0,101
40175,0,135
40185,0,142
40195,0,195
40205,0,201
40215,0,224
40225,0,233
40235,0,247
40245,0,234
40255,0,247
40265,0,256
40275,0,302
40285,0,282
40295,0,281
40305,0,240
40315,0,223
40325,0,187
40335,0,137
40345,0,112
40355,0,111
40365,0,123
40375,0,176
40385,0,192
40395,0,158
40405,0,162
40415,0,165
40425,0,148
40435,0,129
40445,0,144
40455,0,147
40465,0,138
40475,0,182
40485,0,219
40495,0,218
40505,0,203
40515,0,181
40525,0,214
40535,0,272
40545,0,239
40555,0,227
40565,0,259
40575,0,218
40585,0,170
40595,0,157
40605,0,119
40615,0,86
40625,0,99
40635,0,97
40645,0,81
40655,0,71
40665,0,112
40675,0,107
40685,0,141
40695,0,154
40705,0,166
40715,0,156
40725,0,137
40735,0,122
40745,0,125
40755,0,117
40765,0,83
40775,0,64
40785,0,50
40795,0,80
40805,0,77
40815,0,61
40825,0,66
40835,0,78
40845,0,67
40855,0,71
40865,0,108
40875,0,142
40885,0,190
40895,0,144
40905,0,133
40915,0,112
40925,16,85
40935,0,125
40945,0,111
40955,0,97
40965,0,86
40975,0,89
40985,0,86
40995,0,102
41005,0,103
41015,0,95
41025,0,69
41035,0,85
41045,0,123
41055,0,112
41065,0,119
41075,0,148
41085,0,122
41095,0,84
41105,0,73
45614,0,0
45624,0,0
45634,0,0
45644,0,0
45654,0,0
45664,0,0
45674,0,0
45684,0,0
45694,0,0
45704,0,0
45714,0,0
45724,0,0
45734,0,0
45744,0,0
45754,0,0
45764,0,0
45774,0,0
45784,0,0
45794,0,0
45804,0,0
45814,0,0
45824,0,0
45834,0,0
45844,0,0
45854,0,0
45864,16,0
45874,49,0
45884,99,0
45894,130,0
45904,149,0
45914,206,0
45924,303,0
45934,346,0
45944,400,15
45954,483,48
45964,453,44
45974,560,60
45984,626,79
45994,528,58
46004,435,42
46014,403,21
46024,334,10
46034,287,5
46044,245,0
46054,193,0
46064,150,0
46074,112,0
46084,70,0
46094,48,0
46104,21,0
46114,5,0
46124,0,0
46134,0,0
46144,0,35
46154,0,22
46164,0,9
46174,0,0
46184,0,14
46194,0,14
46204,0,21
46214,0,15
46224,0,2
46234,0,0
46244,0,15
46254,0,19
46264,0,21
46274,0,5
46284,0,12
46294,0,7
46304,0,26
46314,0,48
46324,0,81
46334,32,73
46344,51,113
46354,51,126
46364,110,111
46374,171,84
46384,185,85
46394,151,90
46404,128,65
46414,112,79
46424,104,75
46434,106,64
46444,80,138
46454,48,207
46464,38,171
46474,29,166
46484,48,145
46494,48,127
46504,27,139
46514,10,144
46524,0,169
46534,0,137
46544,0,125
46554,0,144
46564,0,115
46574,0,130
46584,0,137
46594,0,112
46604,19,106
46614,7,118
46624,6,176
46634,0,144
46644,0,191
46654,0,181
46664,0,217
46674,0,265
46684,0,256
46694,0,240
46704,0,244
46714,0,237
46724,0,198
46734,0,147
46744,0,141
46754,0,126
46764,0,112
46774,0,106
46784,0,112
46794,0,93
46804,0,134
46814,0,146
46824,0,131
46834,0,95
46844,0,74
46854,0,68
46864,0,52
46874,0,80
46884,0,112
46894,0,158
46904,0,196
46914,0,179
46924,0,163
46934,0,191
46944,0,197
46954,0,176
46964,0,182
46974,0,167
46984,0,173
46994,0,135
47004,0,160
47014,0,151
47024,0,190
47034,0,201
47044,0,162
47054,0,144
47064,0,109
47074,0,122
47084,0,144
47094,0,234
47104,0,222
47114,0,208
47124,0,203
47134,0,167
47144,0,144
47154,0,112
47164,0,85
47174,6,64
47184,0,58
47194,0,50
47204,0,26
47214,0,26
47224,0,27
47234,0,8
47244,0,1
47254,0,0
47264,0,0
47274,0,0
47284,0,0
47294,0,0
47304,0,0
47314,0,0
47324,0,0
47334,0,0
47344,0,0
47354,0,0
47364,0,0
47374,0,0
47384,0,0
47394,0,0
47404,0,0
47414,0,0
47424,0,0
47434,0,0
47444,0,0
47454,0,0
47464,0,0
47474,0,0
47484,0,0
47494,0,0
47504,0,0
47514,0,0
47524,0,0
47534,0,0
47544,0,0
47554,0,0
47564,0,0
47574,0,0
47584,0,0
47594,0,0
47604,0,0
52113,0,0
52123,0,0
52133,0,0
52143,0,0
52153,0,0
52163,0,0
52173,0,0
52183,0,0
52193,0,0
52203,0,0
52213,0,0
52223,0,0
52233,0,0
52243,0,0
52253,0,0
52263,0,0
52273,0,0
52283,0,0
52293,0,0
52303,0,0
52313,0,0
52323,0,0
52333,0,0
52343,0,0
52353,0,0
52363,0,0
52373,0,0
52383,0,0
52393,55,0
52403,68,0
52413,144,0
52423,208,0
52433,243,11
52443,371,26
52453,498,70
52463,560,55
52473,598,48
52483,580,45
52493,553,64
52503,559,48
52513,550,34
52523,612,38
52533,583,46
52543,473,47
52553,426,43
52563,390,27
52573,374,16
52583,350,15
52593,315,0
52603,238,0
52613,179,0
52623,129,0
52633,113,0
52643,77,16
52653,61,10
52663,38,36
52673,37,59
52683,21,67
52693,16,62
52703,17,74
52713,14,135
52723,4,179
52733,13,142
52743,3,146
52753,0,174
52763,0,123
52773,0,84
52783,0,67
52793,0,53
52803,0,42
52813,0,15
52823,0,36
52833,0,32
52843,0,30
52853,0,11
52863,0,33
52873,0,42
52883,9,69
52893,7,55
52903,43,48
52913,88,66
52923,74,61
52933,77,60
52943,121,61
52953,117,51
52963,98,64
52973,96,58
52983,83,53
52993,62,91
53003,47,77
53013,67,75
53023,70,98
53033,64,81
53043,51,79
53053,45,150
53063,30,207
53073,6,173
53083,0,179
53093,0,208
53103,0,227
53113,0,204
53123,0,161
53133,0,145
53143,0,191
53153,0,237
53163,0,252
53173,0,218
53183,0,178
53193,0,139
53203,0,119
53213,0,125
53223,0,135
53233,0,118
53243,0,103
53253,0,86
53263,0,68
53273,0,49
53283,0,48
53293,0,64
53303,0,83
53313,0,75
53323,0,50
53333,0,31
53343,0,38
53353,0,26
53363,0,47
53373,0,80
53383,0,84
53393,0,96
53403,0,89
53413,0,70
53423,0,70
53433,0,101
53443,0,97
53453,0,112
53463,0,134
53473,0,99
53483,0,80
53493,0,75
53503,0,67
53513,0,55
53523,0,48
53533,0,42
53543,0,64
53553,0,58
53563,0,48
53573,0,36
53583,0,39
53593,0,32
53603,0,20
53613,0,15
53623,0,20
53633,0,17
53643,0,16
53653,7,39
53663,0,62
53673,0,45
53683,0,70
53693,0,61
53703,0,41
53713,0,41
53723,0,33
53733,0,35
53743,0,64
53753,0,105
53763,0,121
53773,0,130
53783,0,96
53793,0,74
53803,0,83
53813,0,92
53823,0,87
53833,0,111
53843,0,83
53853,0,58
53863,0,45
53873,0,59
53883,0,40
53893,0,19
53903,0,48
53913,0,41
53923,0,32
53933,0,12
53943,0,30
53953,0,67
53963,0,51
53973,0,48
53983,0,32
53993,0,12
54003,0,5
54013,0,10
54023,0,3
54033,0,18
54043,0,101
54053,0,78
54063,0,79
54073,0,74
54083,0,64
54093,0,47
54103,0,43
58612,0,0
58622,0,0
58632,0,0
58642,0,0
58652,0,0
58662,0,0
58672,0,0
58682,0,0
58692,0,34
58702,0,0
58712,0,0
58722,0,0
58732,0,0
58742,0,0
58752,0,0
58762,0,0
58772,0,0
58782,0,0
58792,0,0
58802,0,0
58812,0,0
58822,0,0
58832,0,0
58842,0,0
58852,0,0
58862,0,0
58872,0,0
58882,0,0
58892,0,0
58902,0,0
58912,0,0
58922,0,0
58932,0,0
58942,0,0
58952,0,0
58962,0,0
58972,0,0
58982,0,0
58992,0,0
59002,0,0
59012,7,0
59022,14,0
59032,10,0
59042,2,0
59052,6,0
59062,0,0
59072,11,0
59082,26,0
59092,46,0
59102,68,0
59112,68,0
59122,89,0
59132,148,9
59142,228,14
59152,230,34
59162,306,34
59172,291,29
59182,382,106
59192,418,133
59202,422,112
59212,406,83
59222,331,58
59232,334,43
59242,273,22
59252,219,11
59262,211,2
59272,177,0
59282,165,0
59292,131,0
59302,115,0
59312,117,0
59322,80,0
59332,65,0
59342,61,0
59352,47,0
59362,48,0
59372,78,0
59382,75,0
59392,51,0
59402,47,29
59412,15,94
59422,1,69
59432,0,83
59442,0,80
59452,0,71
59462,0,127
59472,0,139
59482,0,126
59492,0,122
59502,0,112
59512,0,83
59522,0,82
59532,0,79
59542,0,71
59552,0,102
59562,0,114
59572,0,99
59582,0,69
59592,0,59
59602,13,59
59612,26,51
59622,35,58
59632,52,63
59642,82,65
59652,161,41
59662,173,59
59672,160,79
59682,129,87
59692,96,130
59702,70,135
59712,59,125
59722,48,109
59732,39,111
59742,39,154
59752,35,246
59762,17,214
59772,13,170
59782,0,186
59792,0,162
59802,0,192
59812,0,190
59822,0,221
59832,0,240
59842,0,225
59852,0,226
59862,0,291
59872,0,271
59882,0,267
59892,0,240
59902,0,215
59912,0,226
59922,0,217
59932,0,246
59942,0,239
59952,0,191
59962,0,183
59972,0,154
59982,0,121
59992,0,141
60002,0,103
60012,0,121
60022,0,137
60032,0,99
60042,0,73
60052,0,63
60062,0,51
60072,0,42
60082,10,46
60092,0,93
60102,0,94
60112,0,80
60122,0,68
60132,0,51
60142,0,35
60152,0,48
60162,0,74
60172,0,55
60182,0,34
60192,0,46
60202,0,55
60212,0,21
60222,0,21
60232,0,10
60242,0,0
60252,0,12
60262,0,1
60272,0,16
60282,0,16
60292,0,22
60302,0,13
60312,0,0
60322,0,7
60332,0,10
60342,0,14
60352,0,32
60362,0,16
60372,0,7
60382,0,0
60392,0,0
60402,0,0
60412,0,0
60422,0,3
60432,0,31
60442,0,22
60452,0,16
60462,0,1
60472,0,0
60482,0,0
60492,0,0
60502,0,0
60512,0,0
60522,0,0
60532,0,0
60542,0,0
60552,0,0
60562,0,0
60572,0,0
60582,0,0
60592,0,0
60602,0,0
65111,0,0
65121,0,0
65131,0,0
65141,0,0
65151,0,0
65161,0,0
65171,0,0
65181,0,0
65191,0,0
65201,0,0
65211,0,0
65221,3,0
65231,2,0
65241,13,0
65251,18,0
65261,23,0
65271,20,0
65281,9,0
65291,19,0
65301,3,0
65311,0,0
65321,0,0
65331,0,0
65341,0,0
65351,0,0
65361,28,0
65371,16,0
65381,11,0
65391,3,0
65401,0,0
65411,0,0
65421,0,0
65431,0,0
65441,0,0
65451,0,0
65461,0,0
65471,0,0
65481,15,0
65491,16,0
65501,6,0
65511,3,0
65521,31,0
65531,34,0
65541,17,0
65551,9,0
65561,21,0
65571,34,0
65581,34,0
65591,42,0
65601,48,0
65611,45,0
65621,48,0
65631,48,0
65641,66,0
65651,115,0
65661,144,0
65671,118,10
65681,142,29
65691,229,38
65701,250,29
65711,318,29
65721,330,31
65731,337,25
65741,402,31
65751,384,31
65761,335,13
65771,283,13
65781,250,8
65791,197,0
65801,171,0
65811,146,0
65821,139,0
65831,110,0
65841,91,0
65851,64,33
65861,51,95
65871,33,114
65881,15,106
65891,3,128
65901,0,121
65911,0,112
65921,0,132
65931,16,126
65941,45,133
65951,33,112
65961,21,85
65971,9,79
65981,0,64
65991,0,34
66001,0,39
66011,0,27
66021,0,19
66031,0,17
66041,0,14
66051,0,5
66061,0,0
66071,0,6
66081,0,0
66091,0,0
66101,0,0
66111,0,0
66121,0,7
66131,0,11
66141,0,21
66151,0,46
66161,0,38
66171,3,60
66181,10,66
66191,55,85
66201,61,112
66211,35,112
66221,32,109
66231,18,105
66241,4,107
66251,0,96
66261,0,144
66271,5,153
66281,11,143
66291,16,133
66301,0,115
66311,0,109
66321,0,139
66331,0,137
66341,0,149
66351,0,139
66361,0,113
66371,0,169
66381,0,174
66391,0,151
66401,0,170
66411,0,166
66421,0,131
66431,0,181
66441,0,176
66451,0,153
66461,0,129
66471,34,91
66481,59,73
66491,55,67
66501,46,48
66511,21,69
66521,47,101
66531,38,91
66541,45,96
66551,24,70
66561,19,57
66571,9,41
66581,0,36
66591,0,31
66601,0,17
66611,0,33
66621,0,45
66631,0,64
66641,0,64
66651,0,66
66661,0,73
66671,0,85
66681,0,70
66691,0,55
66701,0,48
66711,0,65
66721,0,78
66731,0,55
66741,0,48
66751,0,65
66761,0,63
66771,0,45
66781,0,64
66791,0,74
66801,0,86
66811,0,69
66821,0,51
66831,0,34
66841,0,32
66851,0,19
66861,0,27
66871,0,16
66881,0,9
66891,0,2
66901,0,0
66911,0,0
66921,0,0
66931,0,0
66941,0,0
66951,0,0
66961,0,0
66971,0,0
66981,0,0
66991,0,21
67001,0,17
67011,0,3
67021,0,0
67031,0,0
67041,0,0
67051,0,0
67061,1,6
67071,0,0
67081,0,5
67091,0,21
67101,0,37
71610,0,0
71620,0,0
71630,0,0
71640,0,0
71650,0,0
71660,0,0
71670,0,0
71680,0,0
71690,0,0
71700,0,0
71710,0,0
71720,0,0
71730,0,0
71740,0,0
71750,0,0
71760,0,0
71770,0,0
71780,0,0
71790,0,0
71800,0,0
71810,0,0
71820,0,0
71830,0,0
71840,0,0
71850,0,0
71860,0,0
71870,0,0
71880,0,0
71890,0,0
71900,0,0
71910,0,0
71920,0,0
71930,0,0
71940,0,0
71950,0,0
71960,0,0
71970,0,0
71980,21,0
71990,64,0
72000,80,0
72010,103,0
72020,151,0
72030,162,0
72040,164,7
72050,172,19
72060,170,16
72070,162,9
72080,219,5
72090,275,7
72100,257,9
72110,267,0
72120,235,16
72130,202,16
72140,155,0
72150,140,0
72160,135,0
72170,144,0
72180,125,0
72190,117,0
72200,95,0
72210,112,0
72220,85,0
72230,59,2
72240,66,3
72250,57,0
72260,50,0
72270,29,15
72280,30,0
72290,15,0
72300,11,17
72310,7,0
72320,16,13
72330,13,48
72340,0,66
72350,0,28
72360,0,10
72370,0,28
72380,0,48
72390,0,36
72400,0,13
72410,0,43
72420,0,0
72430,0,30
72440,0,19
72450,0,10
72460,0,4
72470,0,0
72480,0,0
72490,0,0
72500,0,5
72510,0,1
72520,0,0
72530,0,0
72540,0,0
72550,0,0
72560,0,6
72570,0,9
72580,0,0
72590,4,22
72600,57,39
72610,80,64
72620,29,119
72630,59,124
72640,28,102
72650,34,113
72660,20,146
72670,2,132
72680,0,108
72690,0,93
72700,0,96
72710,0,91
72720,0,103
72730,0,107
72740,0,80
72750,0,96
72760,0,116
72770,0,139
72780,0,174
72790,0,177
72800,0,144
72810,0,149
72820,0,147
72830,0,141
72840,0,111
72850,0,85
72860,0,64
72870,0,81
72880,0,97
72890,0,80
72900,0,71
72910,0,66
72920,0,90
72930,0,75
72940,0,62
72950,0,44
72960,0,31
72970,0,30
72980,0,25
72990,0,17
73000,0,35
73010,0,42
73020,0,43
73030,0,48
73040,0,61
73050,0,28
73060,0,16
73070,0,6
73080,0,0
73090,0,15
73100,0,17
73110,0,17
73120,0,30
73130,0,56
73140,0,55
73150,0,75
73160,0,67
73170,0,105
73180,0,85
73190,0,74
73200,0,64
73210,0,48
73220,0,61
73230,0,42
73240,0,34
73250,0,18
73260,0,16
73270,0,29
73280,0,27
73290,0,48
73300,0,47
73310,0,38
73320,0,23
73330,0,23
73340,0,10
73350,0,0
73360,0,6
73370,0,6
73380,0,0
73390,0,0
73400,0,0
73410,0,0
73420,0,2
73430,0,0
73440,0,11
73450,0,17
73460,0,16
73470,0,14
73480,0,0
73490,0,11
73500,0,37
73510,0,49
73520,0,32
73530,0,22
73540,0,14
73550,0,21
73560,0,32
73570,0,54
73580,0,109
73590,0,79
73600,0,53
78109,0,0
78119,0,0
78129,0,0
78139,0,0
78149,0,0
78159,0,0
78169,0,0
78179,0,0
78189,0,0
78199,0,0
78209,0,0
78219,0,0
78229,0,0
78239,0,0
78249,0,0
78259,0,0
78269,0,0
78279,0,0
78289,0,0
78299,0,0
78309,0,0
78319,0,0
78329,0,0
78339,0,0
78349,0,0
78359,0,0
78369,0,0
78379,0,0
78389,0,0
78399,0,0
78409,0,0
78419,0,0
78429,0,0
78439,0,0
78449,0,0
78459,0,0
78469,21,0
78479,39,0
78489,62,0
78499,125,0
78509,183,0
78519,272,12
78529,435,29
78539,485,35
78549,497,37
78559,507,35
78569,479,16
78579,523,5
78589,537,5
78599,511,12
78609,458,26
78619,415,14
78629,367,1
78639,336,0
78649,285,0
78659,208,0
78669,160,0
78679,127,0
78689,112,0
78699,94,0
78709,83,0
78719,80,0
78729,50,0
78739,35,0
78749,19,0
78759,7,0
78769,0,0
78779,0,0
78789,0,0
78799,0,0
78809,41,0
78819,74,0
78829,65,0
78839,71,0
78849,62,0
78859,53,0
78869,40,0
78879,25,0
78889,16,0
78899,15,0
78909,0,0
78919,7,0
78929,0,0
78939,0,0
78949,0,0
78959,0,0
78969,10,0
78979,7,0
78989,29,0
78999,33,0
79009,26,0
79019,25,0
79029,25,40
79039,54,0
79049,62,0
79059,59,23
79069,62,49
79079,85,48
79089,84,57
79099,129,62
79109,125,66
79119,160,144
79129,138,164
79139,141,200
79149,138,200
79159,144,219
79169,107,192
79179,82,172
79189,70,138
79199,119,130
79209,193,192
79219,353,163
79229,548,170
79239,542,219
79249,489,227
79259,417,200
79269,368,166
79279,301,147
79289,258,149
79299,204,128
79309,144,90
79319,110,70
79329,64,53
79339,44,59
79349,16,80
79359,0,99
79369,0,111
79379,0,82
79389,0,63
79399,0,51
79409,0,74
79419,0,53
79429,0,31
79439,0,44
79449,0,74
79459,0,61
79469,0,56
79479,0,39
79489,0,41
79499,0,29
79509,0,30
79519,0,22
79529,0,32
79539,0,26
79549,0,49
79559,0,31
79569,0,23
79579,0,16
79589,0,16
79599,0,35
79609,0,31
79619,0,23
79629,0,46
79639,0,39
79649,0,54
79659,0,41
79669,0,58
79679,0,45
79689,0,51
79699,0,60
79709,0,59
79719,0,48
79729,0,45
79739,0,48
79749,0,70
79759,0,79
79769,0,55
79779,0,34
79789,0,39
79799,0,16
79809,0,6
79819,0,0
79829,0,0
79839,0,0
79849,0,0
79859,0,0
79869,0,0
79879,0,0
79889,0,6
79899,0,5
79909,0,12
79919,0,17
79929,0,6
79939,0,16
79949,0,13
79959,0,15
79969,0,47
79979,0,46
79989,0,36
79999,0,26
80009,0,39
80019,0,45
80029,0,48
80039,0,80
80049,0,70
80059,0,74
80069,0,77
80079,0,74
80089,0,48
80099,0,96
84608,0,0
84618,0,0
84628,0,0
84638,0,0
84648,0,0
84658,0,0
84668,0,0
84678,0,0
84688,0,0
84698,0,0
84708,0,0
84718,0,0
84728,0,0
84738,0,0
84748,0,0
84758,0,0
84768,0,0
84778,0,0
84788,0,0
84798,0,0
84808,0,0
84818,0,0
84828,0,0
84838,0,0
84848,0,0
84858,0,0
84868,0,0
84878,0,0
84888,0,0
84898,0,0
84908,0,0
84918,0,0
84928,0,0
84938,0,0
84948,0,0
84958,0,0
84968,0,0
84978,0,0
84988,0,0
84998,0,0
85008,0,0
85018,0,0
85028,3,0
85038,32,0
85048,16,0
85058,0,0
85068,0,0
85078,0,0
85088,0,0
85098,0,0
85108,0,0
85118,0,0
85128,0,0
85138,0,0
85148,44,0
85158,61,0
85168,108,0
85178,114,0
85188,131,0
85198,119,22
85208,262,63
85218,302,43
85228,336,45
85238,301,61
85248,292,60
85258,355,58
85268,351,47
85278,368,38
85288,317,31
85298,337,77
85308,287,63
85318,390,65
85328,387,62
85338,332,48
85348,287,37
85358,235,22
85368,187,16
85378,144,5
85388,110,0
85398,80,0
85408,51,0
85418,31,0
85428,9,0
85438,0,0
85448,5,0
85458,8,0
85468,37,14
85478,64,6
85488,122,16
85498,215,0
85508,250,16
85518,259,0
85528,245,0
85538,227,12
85548,192,20
85558,157,11
85568,112,0
85578,78,0
85588,50,7
85598,30,29
85608,0,20
85618,0,9
85628,0,27
85638,0,6
85648,16,0
85658,33,5
85668,19,19
85678,35,19
85688,61,36
85698,57,99
85708,78,102
85718,54,86
85728,50,112
85738,31,87
85748,11,81
85758,0,71
85768,0,66
85778,0,106
85788,0,107
85798,0,128
85808,0,93
85818,0,80
85828,0,110
85838,0,123
85848,0,127
85858,0,108
85868,0,87
85878,0,80
85888,0,63
85898,0,82
85908,0,76
85918,0,59
85928,0,81
85938,0,59
85948,0,61
85958,0,50
85968,0,51
85978,0,67
85988,0,79
85998,0,106
86008,0,103
86018,3,73
86028,29,50
86038,11,50
86048,3,48
86058,8,43
86068,1,25
86078,0,15
86088,0,16
86098,0,50
86108,0,75
86118,0,80
86128,0,72
86138,0,61
86148,0,46
86158,0,43
86168,0,43
86178,0,48
86188,0,28
86198,0,19
86208,0,9
86218,0,4
86228,0,9
86238,0,20
86248,0,17
86258,0,20
86268,0,7
86278,0,0
86288,0,5
86298,0,16
86308,0,27
86318,0,32
86328,0,31
86338,0,15
86348,0,24
86358,0,32
86368,0,37
86378,0,43
86388,0,38
86398,0,23
86408,0,22
86418,0,16
86428,0,14
86438,0,2
86448,0,21
86458,0,31
86468,0,29
86478,0,16
86488,0,27
86498,0,37
86508,0,26
86518,0,70
86528,0,93
86538,0,75
86548,0,64
86558,0,55
86568,0,51
86578,0,33
86588,0,21
86598,0,13
91107,0,0
91117,0,0
91127,0,0
91137,0,0
91147,0,0
91157,0,0
91167,0,0
91177,0,0
91187,0,0
91197,0,0
91207,0,0
91217,0,0
91227,0,0
91237,0,0
91247,0,0
91257,0,0
91267,0,0
91277,0,0
91287,0,0
91297,0,0
91307,0,0
91317,0,0
91327,0,0
91337,0,0
91347,0,0
91357,0,0
91367,0,0
91377,0,0
91387,0,0
91397,6,0
91407,0,0
91417,0,0
91427,0,0
91437,0,0
91447,0,0
91457,0,0
91467,10,0
91477,20,0
91487,77,0
91497,147,0
91507,176,0
91517,177,2
91527,241,13
91537,224,17
91547,279,45
91557,292,30
91567,313,26
91577,281,14
91587,314,13
91597,466,3
91607,467,2
91617,470,0
91627,466,14
91637,425,2
91647,415,1
91657,383,0
91667,323,0
91677,263,0
91687,207,0
91697,144,0
91707,112,0
91717,94,0
91727,117,0
91737,122,0
91747,93,0
91757,80,0
91767,49,4
91777,53,0
91787,63,0
91797,48,0
91807,54,16
91817,48,23
91827,32,80
91837,16,65
91847,0,48
91857,0,57
91867,0,67
91877,0,99
91887,0,71
91897,0,64
91907,0,54
91917,0,63
91927,0,61
91937,0,35
91947,0,27
91957,0,34
91967,0,15
91977,0,42
91987,0,22
91997,0,16
92007,0,11
92017,0,16
92027,0,23
92037,0,23
92047,0,61
92057,0,85
92067,0,99
92077,0,109
92087,0,128
92097,0,150
92107,0,128
92117,54,175
92127,64,144
92137,112,179
92147,209,202
92157,210,215
92167,194,224
92177,176,256
92187,125,214
92197,98,202
92207,72,211
92217,47,195
92227,16,174
92237,5,235
92247,0,235
92257,0,211
92267,0,178
92277,0,150
92287,0,70
92297,0,90
92307,0,82
92317,0,81
92327,14,80
92337,17,62
92347,9,58
92357,0,83
92367,0,80
92377,0,51
92387,0,64
92397,0,31
92407,0,15
92417,0,0
92427,0,13
92437,0,0
92447,0,0
92457,0,11
92467,0,0
92477,0,0
92487,0,0
92497,0,23
92507,0,0
92517,0,0
92527,0,0
92537,0,0
92547,0,0
92557,0,0
92567,0,0
92577,0,0
92587,0,0
92597,0,0
92607,0,0
92617,0,0
92627,0,0
92637,0,0
92647,0,0
92657,0,0
92667,0,0
92677,0,0
92687,0,0
92697,0,0
92707,0,0
92717,0,0
92727,0,0
92737,0,0
92747,0,0
92757,0,0
92767,0,0
92777,0,0
92787,0,0
92797,0,0
92807,0,0
92817,0,0
92827,0,0
92837,0,0
92847,0,0
92857,0,0
92867,0,0
92877,0,0
92887,0,0
92897,0,0
92907,0,0
92917,0,0
92927,0,0
92937,0,0
92947,0,0
92957,0,0
92967,0,0
92977,0,0
92987,0,0
92997,0,0
93007,0,0
93017,0,0
93027,0,0
93037,0,0
93047,0,0
93057,0,0
93067,0,0
93077,0,0
93087,0,0
93097,0,0
97606,0,0
97616,0,0
97626,0,0
97636,0,0
97646,0,0
97656,0,0
97666,0,0
97676,0,0
97686,0,0
97696,0,0
97706,0,0
97716,0,0
97726,0,0
97736,0,0
97746,0,0
97756,0,0
97766,0,0
97776,0,0
97786,0,0
97796,0,0
97806,0,0
97816,0,0
97826,0,0
97836,0,0
97846,0,0
97856,0,0
97866,0,0
97876,0,0
97886,0,0
97896,0,0
97906,0,0
97916,0,0
97926,0,0
97936,1,0
97946,23,0
97956,70,0
97966,171,2
97976,199,9
97986,194,13
97996,235,26
98006,261,13
98016,189,6
98026,265,11
98036,390,16
98046,285,11
98056,272,25
98066,304,15
98076,273,4
98086,292,47
98096,278,46
98106,272,50
98116,235,40
98126,227,43
98136,297,51
98146,302,33
98156,299,12
98166,304,28
98176,272,65
98186,240,83
98196,218,101
98206,189,103
98216,154,78
98226,116,106
98236,106,89
98246,114,78
98256,115,101
98266,123,148
98276,128,161
98286,112,211
98296,85,173
98306,66,171
98316,37,151
98326,17,126
98336,0,85
98346,0,61
98356,0,43
98366,0,45
98376,0,21
98386,0,7
98396,41,0
98406,90,0
98416,86,0
98426,61,0
98436,47,0
98446,26,0
98456,10,0
98466,0,0
98476,0,0
98486,0,0
98496,0,19
98506,0,70
98516,0,101
98526,0,89
98536,0,78
98546,1,71
98556,13,83
98566,40,115
98576,19,114
98586,47,148
98596,41,159
98606,37,155
98616,20,161
98626,12,150
98636,21,147
98646,16,129
98656,55,174
98666,47,166
98676,19,144
98686,2,136
98696,0,195
98706,0,190
98716,0,145
98726,0,124
98736,0,144
98746,0,172
98756,0,135
98766,0,112
98776,0,119
98786,0,105
98796,0,81
98806,0,66
98816,0,66
98826,0,42
98836,0,25
98846,0,16
98856,0,0
98866,0,0
98876,0,0
98886,0,0
98896,0,0
98906,0,0
98916,0,0
98926,0,0
98936,0,0
98946,0,0
98956,0,0
98966,0,0
98976,0,0
98986,0,0
98996,0,0
99006,0,0
99016,0,0
99026,0,0
99036,0,0
99046,0,0
99056,0,0
99066,0,0
99076,0,0
99086,0,0
99096,0,0
99106,0,0
99116,0,0
99126,0,0
99136,0,0
99146,0,0
99156,0,0
99166,0,0
99176,0,0
99186,0,0
99196,0,0
99206,0,0
99216,0,0
99226,0,0
99236,0,0
99246,0,0
99256,0,0
99266,0,0
99276,0,0
99286,0,0
99296,0,0
99306,0,0
99316,0,0
99326,0,0
99336,0,0
99346,0,0
99356,0,0
99366,0,0
99376,0,0
99386,0,0
99396,0,0
99406,0,0
99416,0,0
99426,0,0
99436,0,0
99446,0,0
99456,0,0
99466,0,0
99476,0,0
99486,0,0
99496,0,0
99506,0,0
99516,0,0
99526,0,0
99536,0,0
99546,0,0
99556,0,0
99566,0,0
99576,0,0
99586,0,0
99596,0,0
104105,0,0
104115,0,0
104125,0,0
104135,0,0
104145,0,0
104155,0,0
104165,0,0
104175,0,0
104185,0,0
104195,0,0
104205,0,0
104215,0,0
104225,22,0
104235,87,0
104245,146,0
104255,176,0
104265,174,0
104275,144,0
104285,103,0
104295,79,0
104305,42,0
104315,17,0
104325,19,0
104335,2,0
104345,37,0
104355,80,0
104365,128,0
104375,163,0
104385,155,0
104395,137,0
104405,41,0
104415,75,0
104425,99,0
104435,33,0
104445,65,0
104455,53,0
104465,112,0
104475,144,0
104485,61,0
104495,105,0
104505,53,0
104515,33,0
104525,16,0
104535,2,0
104545,0,0
104555,50,0
104565,0,0
104575,0,0
104585,17,0
104595,11,0
104605,0,0
104615,0,0
104625,0,0
104635,10,0
104645,0,0
104655,0,0
104665,0,0
104675,0,0
104685,2,0
104695,7,0
104705,29,0
104715,72,0
104725,73,0
104735,76,0
104745,97,0
104755,117,0
104765,219,0
104775,229,0
104785,190,0
104795,208,0
104805,239,0
104815,240,0
104825,256,0
104835,228,0
104845,218,0
104855,222,0
104865,229,0
104875,221,0
104885,229,0
104895,222,0
104905,194,0
104915,208,0
104925,207,0
104935,165,0
104945,128,0
104955,93,0
104965,65,0
104975,64,42
104985,80,64
104995,71,65
105005,117,55
105015,145,82
105025,176,70
105035,209,80
105045,237,90
105055,224,90
105065,169,69
105075,127,78
105085,95,97
105095,100,90
105105,146,67
105115,153,63
105125,156,54
105135,144,50
105145,123,50
105155,124,77
105165,115,81
105175,112,60
105185,78,46
105195,55,47
105205,35,48
105215,21,18
105225,15,16
105235,0,16
105245,8,50
105255,6,87
105265,0,86
105275,11,79
105285,0,92
105295,12,129
105305,47,167
105315,54,176
105325,83,164
105335,91,177
105345,91,160
105355,92,207
105365,100,189
105375,67,182
105385,47,190
105395,31,198
105405,26,189
105415,16,178
105425,3,156
105435,0,151
105445,0,110
105455,0,113
105465,0,97
105475,0,78
105485,0,74
105495,0,66
105505,0,80
105515,0,56
105525,0,38
105535,0,18
105545,0,32
105555,0,26
105565,0,14
105575,0,14
105585,0,14
105595,0,7
105605,0,7
105615,16,0
105625,28,6
105635,50,7
105645,122,6
105655,194,0
105665,178,0
105675,167,0
105685,187,0
105695,196,5
105705,187,0
105715,175,0
105725,129,0
105735,118,0
105745,90,0
105755,64,4
105765,48,6
105775,49,0
105785,62,0
105795,48,0
105805,48,0
105815,35,0
105825,80,0
105835,54,0
105845,53,0
105855,72,0
105865,67,0
105875,97,0
105885,128,0
105895,138,0
105905,109,0
105915,64,0
105925,54,0
105935,38,0
105945,28,0
105955,16,0
105965,0,0
105975,0,0
105985,0,0
105995,0,0
106005,0,0
106015,0,0
106025,0,0
106035,0,0
106045,0,0
106055,0,0
106065,0,0
106075,0,0
106085,0,0
106095,0,0
110604,0,0
110614,0,0
110624,0,0
110634,0,0
110644,0,0
110654,0,0
110664,0,0
110674,0,54
110684,0,0
110694,0,0
110704,0,0
110714,0,0
110724,0,0
110734,0,0
110744,0,0
110754,0,0
110764,0,0
110774,0,0
110784,0,0
110794,6,0
110804,0,0
110814,0,0
110824,0,0
110834,0,0
110844,48,0
110854,45,0
110864,70,0
110874,111,0
110884,143,0
110894,176,0
110904,208,0
110914,284,0
110924,291,0
110934,241,23
110944,370,64
110954,484,64
110964,492,91
110974,624,101
110984,572,102
110994,626,122
111004,926,143
111014,1015,118
111024,934,103
111034,813,74
111044,670,60
111054,602,35
111064,511,14
111074,430,5
111084,372,0
111094,373,0
111104,361,0
111114,336,0
111124,311,0
111134,278,0
111144,271,0
111154,256,0
111164,229,0
111174,196,0
111184,262,17
111194,304,27
111204,425,26
111214,432,46
111224,338,47
111234,305,35
111244,263,29
111254,240,32
111264,229,21
111274,187,16
111284,182,15
111294,201,0
111304,177,0
111314,144,0
111324,113,0
111334,79,0
111344,45,0
111354,16,0
111364,9,0
111374,0,0
111384,48,0
111394,49,22
111404,70,22
111414,71,50
111424,88,58
111434,104,161
111444,128,145
111454,112,174
111464,80,188
111474,63,170
111484,33,189
111494,48,148
111504,30,169
111514,17,203
111524,0,212
111534,0,176
111544,0,148
111554,0,154
111564,0,114
111574,2,112
111584,7,112
111594,26,112
111604,15,139
111614,35,139
111624,25,188
111634,19,149
111644,48,142
111654,77,137
111664,81,107
111674,51,105
111684,32,79
111694,16,54
111704,17,65
111714,21,80
111724,6,59
111734,0,77
111744,0,84
111754,0,85
111764,31,65
111774,49,43
111784,51,22
111794,48,64
111804,33,57
111814,29,41
111824,12,20
111834,16,13
111844,3,3
111854,2,0
111864,0,0
111874,0,0
111884,0,0
111894,0,0
111904,0,0
111914,0,0
111924,0,0
111934,0,0
111944,0,0
111954,0,0
111964,0,0
111974,0,0
111984,0,0
111994,0,0
112004,0,0
112014,0,0
112024,0,0
112034,0,0
112044,0,0
112054,0,0
112064,0,0
112074,0,0
112084,0,0
112094,0,0
112104,0,0
112114,0,0
112124,0,0
112134,0,0
112144,0,0
112154,0,0
112164,0,0
112174,0,0
112184,0,0
112194,0,0
112204,0,0
112214,19,0
112224,4,0
112234,0,0
112244,0,0
112254,0,0
112264,0,0
112274,0,0
112284,0,0
112294,0,0
112304,0,0
112314,0,0
112324,0,0
112334,0,0
112344,0,0
112354,0,0
112364,0,0
112374,0,0
112384,0,0
112394,0,0
112404,0,0
112414,0,0
112424,0,0
112434,0,0
112444,0,0
112454,0,0
112464,0,0
112474,0,0
112484,0,0
112494,0,0
112504,0,0
112514,0,0
112524,0,0
112534,0,0
112544,0,0
112554,0,0
112564,0,0
112574,0,0
112584,0,0
112594,0,0
117103,0,0
117113,0,0
117123,0,0
117133,0,0
117143,0,0
117153,0,0
117163,0,0
117173,0,0
117183,0,0
117193,0,0
117203,0,0
117213,0,0
117223,0,0
117233,16,0
117243,6,0
117253,0,0
117263,0,0
117273,0,0
117283,0,0
117293,0,0
117303,0,0
117313,0,0
117323,0,0
117333,0,0
117343,0,0
117353,43,0
117363,78,0
117373,90,0
117383,208,19
117393,241,19
117403,363,16
117413,423,42
117423,418,75
117433,436,73
117443,451,55
117453,393,31
117463,368,38
117473,358,35
117483,329,48
117493,371,62
117503,397,50
117513,308,61
117523,279,53
117533,245,36
117543,210,22
117553,174,9
117563,128,0
117573,97,0
117583,99,0
117593,106,0
117603,75,0
117613,52,0
117623,45,0
117633,62,0
117643,72,0
117653,57,0
117663,29,0
117673,21,0
117683,10,0
117693,47,0
117703,64,0
117713,53,0
117723,43,0
117733,38,0
117743,16,0
117753,1,0
117763,0,15
117773,0,0
117783,0,0
117793,0,0
117803,0,0
117813,0,0
117823,0,0
117833,0,0
117843,15,0
117853,21,0
117863,87,0
117873,102,0
117883,69,0
117893,107,27
117903,95,35
117913,74,55
117923,64,96
117933,78,70
117943,158,54
117953,126,90
117963,119,112
117973,110,110
117983,107,100
117993,85,121
118003,58,99
118013,62,82
118023,95,134
118033,79,122
118043,49,108
118053,75,109
118063,31,83
118073,26,78
118083,16,83
118093,7,111
118103,0,90
118113,2,81
118123,0,85
118133,0,118
118143,0,139
118153,0,110
118163,0,118
118173,0,101
118183,0,79
118193,0,66
118203,0,40
118213,0,33
118223,0,16
118233,0,11
118243,0,3
118253,0,0
118263,0,0
118273,0,0
118283,0,0
118293,0,0
118303,0,0
118313,0,0
118323,0,0
118333,0,0
118343,0,0
118353,0,0
118363,0,0
118373,0,0
118383,0,0
118393,0,0
118403,0,0
118413,0,0
118423,0,0
118433,0,0
118443,0,0
118453,0,0
118463,0,0
118473,0,0
118483,26,0
118493,3,0
118503,0,0
118513,4,0
118523,13,0
118533,2,0
118543,0,0
118553,2,0
118563,0,0
118573,0,0
118583,53,0
118593,0,0
118603,0,0
118613,0,0
118623,0,0
118633,0,0
118643,0,0
118653,0,0
118663,0,0
118673,0,0
118683,0,0
118693,37,0
118703,0,0
118713,0,0
118723,0,0
118733,0,0
118743,0,0
118753,0,0
118763,0,0
118773,0,0
118783,0,0
118793,0,0
118803,0,0
118813,0,0
118823,0,0
118833,0,0
118843,0,0
118853,0,0
118863,0,0
118873,0,0
118883,0,0
118893,0,0
118903,0,0
118913,0,0
118923,0,0
118933,0,0
118943,0,0
118953,0,0
118963,0,0
118973,0,0
118983,0,0
118993,0,0
119003,0,0
119013,0,0
119023,0,0
119033,0,0
119043,0,0
119053,0,0
119063,0,0
119073,0,0
119083,0,0
119093,0,0
123602,0,0
123612,0,0
123622,0,0
123632,0,0
123642,0,5
123652,0,0
123662,0,0
123672,0,0
123682,0,0
123692,0,0
123702,0,0
123712,0,0
123722,0,0
123732,0,0
123742,0,0
123752,0,0
123762,0,0
123772,0,0
123782,0,0
123792,0,0
123802,0,0
123812,0,0
123822,0,0
123832,0,0
123842,0,0
123852,0,0
123862,0,0
123872,0,0
123882,0,0
123892,0,0
123902,0,0
123912,0,0
123922,0,0
123932,0,0
123942,0,0
123952,18,0
123962,17,0
123972,80,0
123982,94,0
123992,186,0
124002,336,0
124012,447,0
124022,496,0
124032,465,0
124042,606,7
124052,621,0
124062,542,1
124072,464,23
124082,427,17
124092,379,44
124102,382,29
124112,382,55
124122,578,62
124132,542,60
124142,586,53
124152,557,37
124162,493,42
124172,406,20
124182,331,20
124192,272,6
124202,238,0
124212,194,0
124222,179,0
124232,177,0
124242,187,0
124252,187,0
124262,162,0
124272,156,0
124282,186,0
124292,203,0
124302,195,27
124312,172,32
124322,161,48
124332,129,46
124342,122,50
124352,124,41
124362,192,35
124372,260,39
124382,273,50
124392,316,54
124402,373,60
124412,296,49
124422,252,79
124432,197,96
124442,143,81
124452,107,55
124462,82,48
124472,64,66
124482,38,57
124492,36,102
124502,30,81
124512,42,77
124522,23,74
124532,10,80
124542,6,80
124552,0,69
124562,11,78
124572,31,93
124582,46,96
124592,37,80
124602,98,120
124612,128,99
124622,145,80
124632,154,78
124642,142,62
124652,118,76
124662,112,69
124672,112,65
124682,109,69
124692,126,79
124702,133,66
124712,107,80
124722,94,109
124732,86,171
124742,79,141
124752,83,144
124762,74,176
124772,66,181
124782,65,146
124792,61,125
124802,58,112
124812,46,80
124822,47,83
124832,36,110
124842,29,112
124852,31,118
124862,15,97
124872,0,94
124882,0,117
124892,0,112
124902,0,76
124912,0,77
124922,0,58
124932,0,32
124942,0,35
124952,0,21
124962,0,43
124972,0,80
124982,0,64
124992,0,91
125002,0,110
125012,0,80
125022,0,65
125032,0,48
125042,0,37
125052,0,22
125062,0,16
125072,0,15
125082,0,0
125092,0,0
125102,0,0
125112,0,0
125122,0,1
125132,0,10
125142,0,23
125152,0,13
125162,0,9
125172,0,23
125182,0,28
125192,0,43
125202,0,30
125212,0,22
125222,0,14
125232,0,43
125242,0,26
125252,0,27
125262,0,19
125272,0,6
125282,0,0
125292,0,0
125302,0,0
125312,0,0
125322,0,0
125332,0,0
125342,0,0
125352,0,0
125362,0,0
125372,16,0
125382,0,0
125392,0,0
125402,0,0
125412,0,0
125422,0,0
125432,0,0
125442,0,0
125452,0,4
125462,0,18
125472,0,7
125482,0,3
125492,0,8
125502,0,2
125512,0,2
125522,0,4
125532,0,0
125542,0,0
125552,0,0
125562,0,0
125572,0,0
125582,0,0
125592,0,0
130101,0,0
130111,0,0
130121,0,0
130131,0,0
130141,0,0
130151,0,0
130161,0,0
130171,0,0
130181,0,0
130191,0,0
130201,0,0
130211,0,0
130221,0,0
130231,0,0
130241,0,0
130251,0,0
130261,0,0
130271,0,0
130281,0,0
130291,0,0
130301,0,0
130311,0,0
130321,0,0
130331,0,0
130341,0,0
130351,0,0
130361,0,0
130371,0,0
130381,0,0
130391,0,0
130401,0,0
130411,0,0
130421,0,0
130431,0,0
130441,27,0
130451,48,0
130461,43,0
130471,36,0
130481,16,0
130491,64,0
130501,110,0
130511,138,0
130521,186,7
130531,274,16
130541,366,15
130551,306,1
130561,240,0
130571,270,2
130581,261,22
130591,225,29
130601,205,14
130611,214,23
130621,245,44
130631,233,54
130641,203,70
130651,179,67
130661,161,16
130671,144,27
130681,139,18
130691,126,60
130701,106,46
130711,93,16
130721,80,38
130731,63,31
130741,43,23
130751,18,25
130761,0,25
130771,0,14
130781,0,64
130791,0,98
130801,0,113
130811,0,240
130821,0,214
130831,0,160
130841,0,130
130851,0,124
130861,0,128
130871,0,124
130881,0,93
130891,0,76
130901,0,80
130911,0,64
130921,0,49
130931,0,39
130941,0,18
130951,0,9
130961,0,10
130971,0,44
130981,0,49
130991,0,44
131001,0,45
131011,0,37
131021,0,35
131031,0,23
131041,0,50
131051,0,96
131061,0,167
131071,0,145
131081,17,222
131091,74,245
131101,77,226
131111,68,254
131121,63,275
131131,60,240
131141,43,206
131151,17,182
131161,16,251
131171,6,235
131181,0,192
131191,0,165
131201,0,130
131211,0,134
131221,0,111
131231,0,112
131241,0,138
131251,0,176
131261,0,146
131271,0,174
131281,0,147
131291,0,137
131301,0,102
131311,0,69
131321,0,90
131331,0,62
131341,0,47
131351,0,32
131361,0,25
131371,0,13
131381,0,12
131391,0,19
131401,0,13
131411,0,19
131421,0,6
131431,0,2
131441,0,0
131451,0,16
131461,0,49
131471,0,92
131481,0,64
131491,0,50
131501,0,33
131511,0,39
131521,0,24
131531,0,19
131541,0,16
131551,0,27
131561,0,31
131571,0,14
131581,0,23
131591,0,34
131601,0,48
131611,0,44
131621,0,43
131631,0,33
131641,0,28
131651,0,22
131661,0,4
131671,0,12
131681,0,6
131691,0,17
131701,0,33
131711,0,25
131721,0,16
131731,6,11
131741,0,0
131751,0,0
131761,0,0
131771,0,0
131781,0,0
131791,0,0
131801,0,0
131811,0,0
131821,0,0
131831,0,0
131841,0,0
131851,0,0
131861,0,0
131871,0,0
131881,0,0
131891,0,0
131901,0,0
131911,0,0
131921,0,0
131931,0,0
131941,0,0
131951,0,0
131961,0,0
131971,0,0
131981,0,0
131991,0,0
132001,0,0
132011,0,0
132021,0,0
132031,0,0
132041,0,0
132051,0,0
132061,0,0
132071,0,0
132081,0,0
132091,0,0
136600,0,0
136610,0,0
136620,0,0
136630,0,0
136640,0,0
136650,0,0
136660,0,0
136670,0,0
136680,0,0
136690,0,0
136700,0,0
136710,0,0
136720,0,0
136730,0,0
136740,0,0
136750,0,0
136760,0,0
136770,0,0
136780,0,0
136790,0,0
136800,0,0
136810,0,0
136820,0,0
136830,0,0
136840,0,0
136850,0,0
136860,0,0
136870,0,0
136880,0,0
136890,0,0
136900,16,0
136910,48,0
136920,92,0
136930,112,0
136940,133,0
136950,206,0
136960,194,0
136970,272,7
136980,284,18
136990,329,47
137000,356,29
137010,318,35
137020,297,41
137030,352,62
137040,413,65
137050,400,58
137060,406,71
137070,352,63
137080,318,47
137090,300,48
137100,249,37
137110,198,27
137120,152,17
137130,159,0
137140,141,6
137150,128,0
137160,112,0
137170,93,0
137180,94,0
137190,89,0
137200,79,0
137210,62,1
137220,48,0
137230,15,0
137240,19,0
137250,17,0
137260,6,67
137270,3,58
137280,5,53
137290,0,48
137300,0,45
137310,0,28
137320,0,26
137330,0,10
137340,0,0
137350,0,7
137360,0,0
137370,0,0
137380,0,1
137390,0,16
137400,0,16
137410,0,16
137420,0,25
137430,0,35
137440,0,19
137450,0,92
137460,0,13
137470,0,14
137480,0,16
137490,0,34
137500,0,27
137510,0,43
137520,0,80
137530,0,93
137540,0,118
137550,0,124
137560,4,126
137570,0,143
137580,0,129
137590,0,144
137600,0,167
137610,0,158
137620,0,154
137630,0,128
137640,0,123
137650,0,104
137660,0,112
137670,0,123
137680,0,96
137690,0,95
137700,0,84
137710,0,71
137720,0,52
137730,0,63
137740,0,56
137750,0,43
137760,0,53
137770,0,50
137780,0,42
137790,0,91
137800,0,98
137810,1,112
137820,11,162
137830,0,176
137840,0,170
137850,16,144
137860,5,162
137870,5,154
137880,0,139
137890,0,94
137900,0,70
137910,0,55
137920,0,48
137930,0,55
137940,0,77
137950,0,49
137960,0,33
137970,0,23
137980,0,16
137990,0,21
138000,0,10
138010,0,19
138020,0,3
138030,0,0
138040,0,0
138050,0,16
138060,0,45
138070,0,77
138080,0,61
138090,0,42
138100,0,33
138110,0,45
138120,0,45
138130,0,21
138140,0,29
138150,0,32
138160,0,35
138170,0,16
138180,0,38
138190,0,118
138200,0,117
138210,0,121
138220,0,163
138230,0,207
138240,0,227
138250,0,303
138260,0,275
138270,0,271
138280,0,272
138290,0,272
138300,0,354
138310,0,359
138320,0,400
138330,0,371
138340,0,370
138350,0,359
138360,0,311
138370,0,319
138380,0,294
138390,0,234
138400,0,189
138410,0,175
138420,0,129
138430,0,110
138440,0,86
138450,0,73
138460,0,59
138470,39,45
138480,17,29
138490,16,35
138500,0,22
138510,0,24
138520,0,56
138530,0,44
138540,0,49
138550,0,42
138560,0,22
138570,0,28
138580,0,16
138590,0,9
143099,0,0
143109,0,0
143119,0,0
143129,0,0
143139,0,0
143149,0,0
143159,0,0
143169,0,0
143179,0,0
143189,6,0
143199,0,0
143209,0,0
143219,0,0
143229,0,0
143239,0,0
143249,0,0
143259,0,0
143269,0,0
143279,0,0
143289,0,0
143299,0,0
143309,0,0
143319,0,0
143329,0,0
143339,0,0
143349,0,0
143359,0,0
143369,0,0
143379,0,0
143389,0,0
143399,0,0
143409,0,0
143419,0,0
143429,0,0
143439,0,0
143449,19,0
143459,55,0
143469,64,0
143479,73,0
143489,64,0
143499,61,0
143509,34,0
143519,13,0
143529,19,0
143539,9,0
143549,19,0
143559,22,0
143569,30,0
143579,31,0
143589,48,0
143599,78,0
143609,75,0
143619,128,0
143629,175,0
143639,173,0
143649,207,0
143659,293,1
143669,320,0
143679,325,1
143689,316,18
143699,267,11
143709,228,1
143719,229,0
143729,192,12
143739,256,17
143749,272,19
143759,238,49
143769,200,48
143779,208,37
143789,164,32
143799,144,22
143809,102,12
143819,102,34
143829,79,1
143839,103,0
143849,95,0
143859,66,0
143869,51,2
143879,44,15
143889,25,5
143899,1,41
143909,7,50
143919,0,58
143929,0,62
143939,0,35
143949,0,43
143959,0,54
143969,0,43
143979,0,66
143989,0,46
143999,0,17
144009,0,16
144019,0,0
144029,0,0
144039,0,6
144049,0,0
144059,0,0
144069,0,0
144079,0,0
144089,0,17
144099,0,0
144109,0,0
144119,0,0
144129,0,2
144139,0,3
144149,0,8
144159,0,48
144169,0,46
144179,0,48
144189,6,61
144199,27,144
144209,33,135
144219,29,187
144229,14,198
144239,0,174
144249,0,176
144259,0,162
144269,0,165
144279,0,159
144289,0,168
144299,0,154
144309,0,144
144319,18,167
144329,12,144
144339,7,142
144349,3,147
144359,6,143
144369,38,169
144379,0,144
144389,0,161
144399,0,127
144409,0,128
144419,0,142
144429,0,144
144439,0,123
144449,0,106
144459,0,93
144469,0,80
144479,0,60
144489,0,103
144499,0,95
144509,0,67
144519,0,59
144529,0,66
144539,0,42
144549,0,45
144559,0,20
144569,0,16
144579,0,10
144589,0,19
144599,0,13
144609,0,6
144619,0,0
144629,0,0
144639,0,4
144649,0,1
144659,0,0
144669,0,0
144679,0,0
144689,0,0
144699,0,0
144709,0,0
144719,0,0
144729,0,0
144739,0,0
144749,0,0
144759,0,0
144769,0,0
144779,0,0
144789,0,0
144799,0,0
144809,0,0
144819,0,0
144829,0,0
144839,0,0
144849,0,0
144859,0,0
144869,0,0
144879,0,0
144889,0,0
144899,10,0
144909,0,0
144919,0,0
144929,0,0
144939,0,0
144949,0,0
144959,0,0
144969,0,0
144979,0,0
144989,0,0
144999,0,0
145009,0,0
145019,0,0
145029,0,0
145039,0,0
145049,0,0
145059,0,0
145069,0,0
145079,0,0
145089,0,0
149598,0,0
149608,0,0
149618,0,0
149628,0,0
149638,0,0
149648,0,0
149658,0,0
149668,0,0
149678,0,0
149688,0,0
149698,0,0
149708,0,0
149718,0,0
149728,0,0
149738,0,0
149748,0,0
149758,0,0
149768,0,0
149778,0,0
149788,0,0
149798,0,0
149808,0,0
149818,0,0
149828,0,0
149838,0,0
149848,0,0
149858,0,0
149868,0,0
149878,0,0
149888,0,0
149898,4,0
149908,59,0
149918,68,0
149928,77,0
149938,127,0
149948,176,0
149958,165,0
149968,182,0
149978,185,0
149988,190,0
149998,234,0
150008,207,0
150018,201,0
150028,259,0
150038,329,0
150048,263,0
150058,235,0
150068,240,0
150078,244,0
150088,274,0
150098,288,0
150108,278,0
150118,264,0
150128,219,0
150138,176,0
150148,134,0
150158,98,0
150168,63,0
150178,35,0
150188,8,0
150198,0,0
150208,0,0
150218,0,0
150228,0,0
150238,0,0
150248,0,0
150258,0,0
150268,0,0
150278,0,0
150288,0,0
150298,0,0
150308,0,2
150318,0,0
150328,0,0
150338,0,0
150348,0,0
150358,0,0
150368,0,0
150378,0,0
150388,0,0
150398,0,0
150408,0,0
150418,0,0
150428,0,0
150438,0,0
150448,0,2
150458,0,44
150468,0,42
150478,0,48
150488,0,38
150498,0,48
150508,0,86
150518,15,138
150528,30,171
150538,25,122
150548,25,134
150558,10,138
150568,0,146
150578,0,206
150588,0,175
150598,5,168
150608,0,189
150618,0,155
150628,0,144
150638,0,127
150648,0,166
150658,7,193
150668,5,123
150678,0,111
150688,27,99
150698,2,80
150708,0,76
150718,0,63
150728,0,65
150738,0,50
150748,0,58
150758,0,44
150768,0,65
150778,0,43
150788,0,101
150798,0,80
150808,0,76
150818,0,80
150828,0,58
150838,0,49
150848,0,49
150858,0,35
150868,0,29
150878,0,18
150888,0,6
150898,0,4
150908,0,0
150918,0,0
150928,0,0
150938,0,11
150948,0,0
150958,0,0
150968,0,0
150978,0,0
150988,0,0
150998,0,0
151008,0,0
151018,0,0
151028,0,0
151038,0,0
151048,0,0
151058,0,0
151068,0,0
151078,0,0
151088,0,0
151098,0,0
151108,0,0
151118,0,0
151128,0,0
151138,0,0
151148,0,0
151158,0,0
151168,0,0
151178,0,0
151188,0,0
151198,0,0
151208,0,0
151218,0,0
151228,0,0
151238,0,33
151248,0,33
151258,0,18
151268,15,12
151278,0,7
151288,0,1
151298,0,0
151308,0,0
151318,0,0
151328,0,0
151338,0,16
151348,0,4
151358,0,0
151368,0,14
151378,0,17
151388,0,16
151398,0,27
151408,0,5
151418,0,21
151428,0,55
151438,0,55
151448,0,71
151458,0,49
151468,0,32
151478,0,22
151488,0,21
151498,0,5
151508,0,0
151518,0,2
151528,0,0
151538,0,6
151548,0,32
151558,0,22
151568,0,22
151578,0,31
151588,0,27
156097,0,0
156107,0,0
156117,0,0
156127,0,0
156137,0,0
156147,0,0
156157,0,0
156167,0,0
156177,0,0
156187,0,0
156197,0,0
156207,0,0
156217,0,0
156227,0,0
156237,0,0
156247,0,0
156257,0,0
156267,0,0
156277,0,0
156287,0,0
156297,0,0
156307,0,0
156317,0,0
156327,0,0
156337,0,0
156347,0,0
156357,0,0
156367,0,0
156377,0,0
156387,0,0
156397,0,0
156407,0,0
156417,0,0
156427,0,0
156437,0,0
156447,0,0
156457,0,0
156467,19,0
156477,64,0
156487,65,0
156497,46,0
156507,64,0
156517,92,0
156527,113,0
156537,112,0
156547,99,0
156557,64,0
156567,91,0
156577,111,0
156587,99,0
156597,166,0
156607,157,0
156617,164,0
156627,169,0
156637,195,0
156647,293,0
156657,304,0
156667,287,0
156677,235,0
156687,219,0
156697,263,0
156707,306,2
156717,310,0
156727,331,30
156737,407,23
156747,354,34
156757,336,64
156767,384,48
156777,326,64
156787,331,48
156797,286,31
156807,224,15
156817,163,5
156827,176,2
156837,181,1
156847,178,0
156857,156,0
156867,139,0
156877,123,0
156887,102,0
156897,74,0
156907,51,0
156917,31,29
156927,16,29
156937,5,88
156947,0,90
156957,0,80
156967,0,106
156977,0,112
156987,0,83
156997,0,112
157007,0,112
157017,0,81
157027,0,67
157037,0,51
157047,0,30
157057,0,28
157067,0,11
157077,0,0
157087,0,0
157097,0,0
157107,0,3
157117,0,19
157127,0,16
157137,0,9
157147,0,0
157157,0,0
157167,0,0
157177,0,0
157187,0,7
157197,0,55
157207,0,94
157217,0,92
157227,1,81
157237,24,80
157247,31,67
157257,23,162
157267,17,224
157277,44,234
157287,83,224
157297,64,257
157307,64,240
157317,92,244
157327,75,296
157337,78,325
157347,64,389
157357,59,347
157367,38,274
157377,31,253
157387,9,239
157397,0,206
157407,0,247
157417,0,222
157427,0,203
157437,0,227
157447,0,192
157457,0,173
157467,0,137
157477,0,122
157487,0,160
157497,0,128
157507,0,122
157517,0,89
157527,0,115
157537,0,80
157547,0,80
157557,0,91
157567,0,89
157577,0,77
157587,0,69
157597,0,17
157607,0,70
157617,0,39
157627,0,34
157637,0,13
157647,0,95
157657,0,93
157667,0,69
157677,0,15
157687,0,76
157697,0,55
157707,0,46
157717,0,64
157727,0,32
157737,0,35
157747,0,34
157757,0,46
157767,0,48
157777,0,31
157787,0,48
157797,0,41
157807,0,36
157817,0,42
157827,0,46
157837,0,33
157847,0,0
157857,0,16
157867,0,64
157877,0,57
157887,0,36
157897,0,19
157907,0,15
157917,3,11
157927,13,39
157937,0,64
157947,0,48
157957,3,60
157967,2,49
157977,0,34
157987,0,39
157997,0,48
158007,0,54
158017,0,36
158027,0,37
158037,0,40
158047,0,16
158057,0,17
158067,0,15
158077,0,16
158087,0,39
162596,0,0
162606,0,0
162616,0,0
162626,0,0
162636,0,0
162646,0,0
162656,0,0
162666,0,0
162676,0,0
162686,0,0
162696,0,0
162706,0,0
162716,0,0
162726,0,0
162736,0,0
162746,0,0
162756,36,0
162766,0,0
162776,0,0
162786,0,0
162796,16,0
162806,0,0
162816,0,0
162826,0,0
162836,0,0
162846,0,0
162856,0,0
162866,0,0
162876,0,0
162886,0,0
162896,19,0
162906,7,0
162916,31,0
162926,101,0
162936,135,0
162946,178,0
162956,282,0
162966,254,0
162976,276,0
162986,315,0
162996,290,0
163006,304,13
163016,278,2
163026,257,28
163036,250,33
163046,209,50
163056,209,78
163066,192,82
163076,201,68
163086,235,93
163096,198,64
163106,225,61
163116,162,49
163126,165,71
163136,129,63
163146,85,47
163156,55,25
163166,29,12
163176,18,26
163186,0,19
163196,0,4
163206,0,0
163216,0,0
163226,0,14
163236,0,28
163246,0,16
163256,0,22
163266,0,42
163276,0,53
163286,16,57
163296,12,79
163306,0,59
163316,0,41
163326,0,16
163336,0,7
163346,0,0
163356,0,0
163366,0,0
163376,0,0
163386,0,0
163396,0,0
163406,0,0
163416,0,0
163426,6,0
163436,0,0
163446,0,0
163456,0,0
163466,0,0
163476,0,0
163486,0,0
163496,0,0
163506,0,32
163516,0,35
163526,0,107
163536,0,147
163546,0,138
163556,0,167
163566,0,163
163576,0,176
163586,0,201
163596,0,189
163606,4,178
163616,10,192
163626,43,178
163636,36,166
163646,42,157
163656,75,135
163666,92,174
163676,86,131
163686,80,141
163696,67,126
163706,50,142
163716,44,157
163726,37,156
163736,18,151
163746,0,114
163756,0,109
163766,0,98
163776,0,115
163786,0,128
163796,0,135
163806,0,144
163816,0,144
163826,0,139
163836,0,119
163846,0,102
163856,0,84
163866,0,65
163876,0,81
163886,0,80
163896,0,68
163906,0,71
163916,0,63
163926,0,43
163936,0,37
163946,0,42
163956,0,21
163966,0,38
163976,0,31
163986,0,25
163996,0,21
164006,0,9
164016,0,3
164026,0,0
164036,0,0
164046,14,16
164056,0,23
164066,0,5
164076,0,5
164086,0,7
164096,0,0
164106,0,0
164116,0,0
164126,0,0
164136,0,0
164146,0,0
164156,0,0
164166,0,0
164176,0,0
164186,0,0
164196,0,23
164206,0,48
164216,0,46
164226,0,48
164236,0,35
164246,0,16
164256,0,13
164266,0,4
164276,0,0
164286,0,0
164296,0,0
164306,0,0
164316,0,0
164326,0,0
164336,0,0
164346,0,0
164356,0,0
164366,0,12
164376,0,0
164386,0,1
164396,0,0
164406,0,0
164416,0,20
164426,0,10
164436,0,0
164446,0,0
164456,0,0
164466,0,0
164476,0,0
164486,0,0
164496,0,0
164506,0,0
164516,0,0
164526,0,0
164536,0,0
164546,0,0
164556,0,6
164566,0,0
164576,0,0
164586,0,0
169095,0,0
169105,0,0
169115,0,0
169125,0,0
169135,0,0
169145,0,0
169155,0,0
169165,0,0
169175,0,0
169185,0,0
169195,0,0
169205,0,0
169215,0,0
169225,0,0
169235,0,0
169245,0,0
169255,0,0
169265,0,0
169275,0,0
169285,0,0
169295,0,0
169305,0,0
169315,0,0
169325,0,0
169335,0,0
169345,0,0
169355,0,11
169365,0,1
169375,0,0
169385,6,0
169395,35,0
169405,22,0
169415,45,0
169425,65,0
169435,174,0
169445,204,0
169455,208,0
169465,274,0
169475,359,0
169485,354,0
169495,380,29
169505,475,47
169515,483,95
169525,413,118
169535,461,103
169545,490,118
169555,495,138
169565,408,107
169575,336,117
169585,313,92
169595,272,67
169605,247,48
169615,223,40
169625,230,30
169635,194,16
169645,181,0
169655,139,0
169665,103,0
169675,71,0
169685,53,0
169695,50,0
169705,40,0
169715,20,0
169725,33,0
169735,33,0
169745,33,0
169755,45,0
169765,85,13
169775,97,0
169785,49,6
169795,113,28
169805,145,16
169815,246,1
169825,247,0
169835,207,0
169845,178,0
169855,135,0
169865,144,0
169875,7,0
169885,73,0
169895,66,0
169905,80,0
169915,0,0
169925,70,0
169935,52,0
169945,0,0
169955,37,0
169965,0,0
169975,0,0
169985,0,0
169995,0,0
170005,0,0
170015,0,14
170025,0,16
170035,0,47
170045,1,64
170055,0,85
170065,7,176
170075,27,162
170085,49,155
170095,39,143
170105,80,122
170115,71,159
170125,193,227
170135,80,193
170145,145,190
170155,132,175
170165,109,179
170175,75,165
170185,58,171
170195,64,161
170205,77,165
170215,80,145
170225,67,133
170235,47,112
170245,43,104
170255,44,110
170265,34,117
170275,35,176
170285,23,206
170295,65,258
170305,50,233
170315,39,192
170325,47,187
170335,66,147
170345,75,151
170355,80,114
170365,74,115
170375,80,112
170385,62,85
170395,49,67
170405,70,91
170415,48,94
170425,37,119
170435,25,113
170445,11,96
170455,0,80
170465,0,55
170475,0,48
170485,0,34
170495,0,11
170505,0,27
170515,0,34
170525,0,38
170535,0,37
170545,0,53
170555,0,62
170565,0,51
170575,0,41
170585,0,35
170595,0,16
170605,0,2
170615,0,0
170625,0,0
170635,0,0
170645,0,0
170655,0,11
170665,0,6
170675,0,5
170685,0,0
170695,0,0
170705,0,0
170715,0,0
170725,0,0
170735,0,3
170745,0,0
170755,0,0
170765,0,16
170775,0,14
170785,0,18
170795,0,7
170805,0,15
170815,0,7
170825,0,16
170835,0,16
170845,0,42
170855,0,33
170865,0,39
170875,0,51
170885,0,44
170895,0,23
170905,0,9
170915,0,0
170925,0,0
170935,0,0
170945,0,0
170955,0,0
170965,6,0
170975,1,0
170985,0,1
170995,0,1
171005,0,13
171015,0,5
171025,0,0
171035,0,0
171045,0,0
171055,0,0
171065,0,0
171075,0,0
171085,0,0
175594,0,0
175604,0,0
175614,0,0
175624,0,0
175634,0,0
175644,0,0
175654,0,0
175664,0,0
175674,0,0
175684,0,0
175694,0,0
175704,0,0
175714,0,0
175724,0,0
175734,0,0
175744,0,0
175754,0,0
175764,0,0
175774,0,0
175784,0,0
175794,0,0
175804,0,0
175814,0,0
175824,0,0
175834,0,0
175844,0,0
175854,0,0
175864,0,0
175874,0,0
175884,0,0
175894,0,0
175904,0,0
175914,0,0
175924,0,0
175934,0,0
175944,0,0
175954,0,0
175964,33,0
175974,16,0
175984,0,0
175994,0,0
176004,0,0
176014,0,0
176024,0,0
176034,0,0
176044,0,0
176054,41,0
176064,78,0
176074,131,0
176084,151,0
176094,162,0
176104,222,11
176114,336,0
176124,271,6
176134,281,13
176144,336,2
176154,355,15
176164,322,22
176174,382,32
176184,373,46
176194,336,70
176204,370,45
176214,368,48
176224,338,26
176234,336,15
176244,309,9
176254,245,2
176264,203,0
176274,173,0
176284,131,0
176294,112,0
176304,112,0
176314,92,0
176324,91,0
176334,64,0
176344,46,0
176354,17,0
176364,13,0
176374,0,0
176384,0,0
176394,0,0
176404,0,0
176414,0,0
176424,0,0
176434,0,0
176444,0,16
176454,0,19
176464,0,13
176474,0,14
176484,0,6
176494,0,3
176504,0,0
176514,0,11
176524,0,0
176534,3,0
176544,16,0
176554,27,0
176564,6,0
176574,23,0
176584,4,0
176594,0,0
176604,0,0
176614,0,0
176624,0,0
176634,0,0
176644,0,0
176654,0,0
176664,0,0
176674,0,48
176684,0,55
176694,0,43
176704,0,38
176714,0,38
176724,0,30
176734,0,21
176744,0,29
176754,0,165
176764,0,135
176774,41,110
176784,109,107
176794,100,109
176804,94,140
176814,83,134
176824,58,130
176834,36,99
176844,29,155
176854,7,188
176864,6,144
176874,22,127
176884,0,121
176894,0,191
176904,14,176
176914,0,179
176924,0,173
176934,0,198
176944,0,154
176954,0,182
176964,0,170
176974,0,162
176984,0,155
176994,0,144
177004,0,128
177014,0,93
177024,0,64
177034,0,48
177044,0,52
177054,0,45
177064,0,26
177074,0,16
177084,0,10
177094,0,0
177104,0,0
177114,0,0
177124,0,0
177134,0,0
177144,25,0
177154,18,0
177164,1,0
177174,16,0
177184,3,0
177194,0,0
177204,0,0
177214,0,0
177224,0,0
177234,0,0
177244,0,0
177254,0,0
177264,0,0
177274,0,0
177284,0,0
177294,0,0
177304,0,0
177314,0,0
177324,0,0
177334,0,0
177344,0,0
177354,0,0
177364,0,0
177374,0,0
177384,0,0
177394,0,0
177404,0,0
177414,0,0
177424,0,0
177434,0,0
177444,0,0
177454,0,0
177464,0,0
177474,0,0
177484,0,0
177494,0,0
177504,0,0
177514,0,0
177524,0,0
177534,0,0
177544,0,0
177554,0,0
177564,0,0
177574,0,0
177584,0,0
182093,15,0
182103,0,0
182113,0,0
182123,0,0
182133,0,0
182143,0,0
182153,0,0
182163,0,0
182173,0,0
182183,0,0
182193,0,0
182203,0,0
182213,0,0
182223,0,0
182233,0,0
182243,0,0
182253,0,0
182263,0,0
182273,0,0
182283,0,0
182293,0,0
182303,0,0
182313,0,0
182323,0,0
182333,0,0
182343,0,0
182353,0,0
182363,0,0
182373,0,0
182383,0,0
182393,0,0
182403,0,0
182413,0,0
182423,0,0
182433,0,0
182443,0,0
182453,0,0
182463,0,0
182473,0,0
182483,0,0
182493,0,0
182503,0,0
182513,0,0
182523,52,0
182533,75,0
182543,94,0
182553,127,0
182563,225,19
182573,241,0
182583,272,6
182593,265,0
182603,293,10
182613,307,16
182623,374,30
182633,400,42
182643,350,52
182653,302,42
182663,257,18
182673,271,15
182683,245,13
182693,240,4
182703,254,0
182713,221,0
182723,192,0
182733,159,0
182743,135,0
182753,87,0
182763,81,0
182773,56,0
182783,38,0
182793,16,0
182803,4,0
182813,0,0
182823,3,0
182833,0,0
182843,0,0
182853,0,0
182863,0,0
182873,0,0
182883,0,0
182893,0,0
182903,0,15
182913,0,9
182923,0,10
182933,0,5
182943,2,0
182953,0,0
182963,0,0
182973,0,0
182983,0,0
182993,0,0
183003,0,0
183013,0,0
183023,0,0
183033,0,0
183043,0,0
183053,0,0
183063,0,0
183073,0,11
183083,0,0
183093,0,16
183103,0,23
183113,0,58
183123,0,101
183133,0,96
183143,18,86
183153,31,120
183163,45,127
183173,51,130
183183,79,241
183193,131,336
183203,190,275
183213,149,242
183223,114,228
183233,159,257
183243,59,229
183253,48,188
183263,38,190
183273,13,229
183283,10,240
183293,94,226
183303,43,179
183313,64,150
183323,80,133
183333,71,107
183343,22,107
183353,58,93
183363,0,67
183373,3,88
183383,0,141
183393,0,112
183403,0,109
183413,0,112
183423,0,151
183433,0,144
183443,0,128
183453,0,95
183463,0,109
183473,0,85
183483,0,80
183493,0,64
183503,0,44
183513,0,38
183523,0,43
183533,0,65
183543,18,76
183553,0,55
183563,0,48
183573,0,20
183583,0,11
183593,0,9
183603,0,0
183613,0,0
183623,0,1
183633,0,0
183643,0,0
183653,0,0
183663,0,0
183673,0,0
183683,0,0
183693,0,0
183703,0,0
183713,0,0
183723,0,0
183733,0,0
183743,0,0
183753,0,0
183763,0,0
183773,0,0
183783,0,0
183793,0,0
183803,0,0
183813,0,0
183823,0,0
183833,0,0
183843,0,0
183853,0,0
183863,0,0
183873,0,0
183883,0,0
183893,0,0
183903,0,0
183913,9,0
183923,1,0
183933,0,0
183943,0,0
183953,0,0
183963,0,0
183973,0,0
183983,0,0
183993,0,0
184003,0,0
184013,0,0
184023,0,0
184033,0,0
184043,0,0
184053,0,0
184063,0,0
184073,0,0
184083,0,0
188592,0,0
188602,0,0
188612,0,0
188622,0,0
188632,0,0
188642,0,0
188652,0,0
188662,0,0
188672,0,0
188682,0,0
188692,0,0
188702,0,0
188712,0,0
188722,0,0
188732,0,0
188742,0,0
188752,0,0
188762,0,0
188772,0,0
188782,0,0
188792,0,0
188802,0,0
188812,0,0
188822,0,0
188832,0,0
188842,0,0
188852,0,0
188862,0,0
188872,0,0
188882,31,0
188892,64,0
188902,77,0
188912,121,0
188922,123,0
188932,193,0
188942,222,0
188952,238,0
188962,331,0
188972,464,15
188982,551,16
188992,577,22
189002,511,28
189012,459,48
189022,431,48
189032,368,44
189042,334,55
189052,343,53
189062,333,46
189072,310,35
189082,304,22
189092,271,13
189102,275,3
189112,256,0
189122,211,0
189132,158,0
189142,115,0
189152,85,0
189162,80,0
189172,71,0
189182,60,0
189192,53,0
189202,54,0
189212,48,0
189222,21,0
189232,5,0
189242,16,0
189252,4,0
189262,0,0
189272,0,0
189282,0,0
189292,0,0
189302,0,0
189312,15,0
189322,13,0
189332,14,0
189342,2,0
189352,5,0
189362,0,0
189372,0,0
189382,0,0
189392,3,0
189402,16,0
189412,6,0
189422,10,0
189432,34,0
189442,27,0
189452,5,0
189462,0,0
189472,0,0
189482,0,0
189492,0,0
189502,0,0
189512,0,5
189522,6,34
189532,19,25
189542,16,67
189552,48,95
189562,67,80
189572,83,90
189582,98,81
189592,149,58
189602,162,102
189612,180,129
189622,145,154
189632,151,166
189642,118,153
189652,87,144
189662,50,126
189672,64,136
189682,80,183
189692,58,155
189702,45,173
189712,42,144
189722,16,107
189732,0,141
189742,0,144
189752,0,133
189762,0,143
189772,0,128
189782,0,108
189792,0,112
189802,0,107
189812,0,96
189822,0,77
189832,0,79
189842,0,58
189852,19,47
189862,7,42
189872,0,48
189882,0,52
189892,0,38
189902,0,26
189912,2,35
189922,0,18
189932,0,64
189942,0,65
189952,0,55
189962,0,37
189972,0,27
189982,0,14
189992,0,9
190002,0,0
190012,0,2
190022,0,0
190032,0,0
190042,0,4
190052,0,0
190062,0,0
190072,0,0
190082,0,0
190092,0,0
190102,0,0
190112,0,0
190122,0,0
190132,0,0
190142,0,0
190152,0,0
190162,0,0
190172,0,0
190182,0,0
190192,0,0
190202,0,0
190212,0,0
190222,0,0
190232,0,0
190242,0,0
190252,0,0
190262,22,0
190272,6,0
190282,0,0
190292,0,0
190302,0,1
190312,0,7
190322,0,2
190332,0,14
190342,0,32
190352,0,78
190362,0,129
190372,0,143
190382,0,138
190392,0,128
190402,0,123
190412,0,91
190422,0,64
190432,0,48
190442,0,45
190452,0,23
190462,0,37
190472,0,32
190482,0,16
190492,0,1
190502,0,0
190512,0,0
190522,0,0
190532,0,0
190542,0,0
190552,0,0
190562,0,0
190572,0,0
190582,0,0
195091,0,0
195101,0,0
195111,0,0
195121,0,0
195131,0,0
195141,0,0
195151,0,0
195161,0,0
195171,0,0
195181,0,0
195191,0,0
195201,0,0
195211,0,0
195221,0,0
195231,0,0
195241,0,0
195251,0,0
195261,0,0
195271,0,0
195281,0,0
195291,0,0
195301,0,0
195311,0,0
195321,0,0
195331,0,0
195341,0,0
195351,0,0
195361,0,0
195371,0,0
195381,0,0
195391,0,0
195401,0,0
195411,0,0
195421,0,0
195431,31,0
195441,46,0
195451,115,0
195461,177,0
195471,174,7
195481,203,12
195491,282,3
195501,299,0
195511,282,0
195521,309,0
195531,340,48
195541,327,42
195551,320,52
195561,303,81
195571,300,112
195581,345,109
195591,323,100
195601,310,115
195611,347,122
195621,337,108
195631,269,127
195641,272,115
195651,250,101
195661,217,92
195671,172,80
195681,139,86
195691,119,96
195701,90,95
195711,67,99
195721,71,146
195731,58,202
195741,43,173
195751,48,154
195761,74,121
195771,112,113
195781,94,119
195791,62,119
195801,41,111
195811,48,100
195821,35,94
195831,16,100
195841,0,101
195851,0,107
195861,0,74
195871,0,64
195881,26,57
195891,15,43
195901,15,22
195911,0,15
195921,0,1
195931,0,0
195941,0,0
195951,0,0
195961,0,0
195971,0,0
195981,0,0
195991,0,0
196001,0,0
196011,0,0
196021,0,1
196031,0,3
196041,0,7
196051,0,25
196061,0,30
196071,0,43
196081,0,55
196091,0,59
196101,0,80
196111,0,91
196121,0,90
196131,15,105
196141,14,120
196151,35,116
196161,16,112
196171,15,162
196181,13,128
196191,2,125
196201,0,149
196211,0,133
196221,0,151
196231,0,119
196241,0,132
196251,0,193
196261,0,173
196271,0,175
196281,0,167
196291,0,129
196301,0,111
196311,0,110
196321,0,103
196331,0,89
196341,0,98
196351,0,128
196361,0,150
196371,0,146
196381,0,128
196391,0,96
196401,0,65
196411,0,59
196421,0,43
196431,0,27
196441,0,31
196451,0,35
196461,0,16
196471,0,6
196481,0,14
196491,0,31
196501,0,29
196511,0,42
196521,0,20
196531,0,7
196541,0,0
196551,0,0
196561,0,0
196571,0,0
196581,0,0
196591,0,0
196601,0,0
196611,0,6
196621,0,3
196631,0,0
196641,0,0
196651,0,0
196661,0,0
196671,0,35
196681,0,42
196691,0,88
196701,0,112
196711,0,84
196721,0,80
196731,0,64
196741,0,39
196751,0,34
196761,0,20
196771,59,14
196781,0,23
196791,48,5
196801,0,0
196811,10,0
196821,0,0
196831,0,0
196841,0,7
196851,0,1
196861,0,11
196871,0,19
196881,0,21
196891,0,13
196901,0,4
196911,0,6
196921,0,2
196931,0,27
196941,0,21
196951,0,14
196961,0,6
196971,0,0
196981,0,0
196991,0,0
197001,0,0
197011,0,0
197021,0,0
197031,0,0
197041,0,0
197051,0,0
197061,0,0
197071,0,0
197081,0,14
201590,133,0
201600,143,0
201610,165,0
201620,159,0
201630,160,0
201640,150,0
201650,151,0
201660,144,0
201670,143,0
201680,131,0
201690,136,0
201700,126,0
201710,128,0
201720,129,0
201730,138,0
201740,123,0
201750,126,0
201760,124,0
201770,127,0
201780,112,0
201790,111,0
201800,102,0
201810,87,0
201820,75,0
201830,67,0
201840,64,0
201850,45,0
201860,26,0
201870,17,0
201880,15,0
201890,7,0
201900,0,0
201910,2,0
201920,57,0
201930,95,0
201940,111,0
201950,142,0
201960,194,0
201970,365,0
201980,450,0
201990,458,0
202000,394,0
202010,496,17
202020,478,9
202030,580,5
202040,599,0
202050,605,0
202060,565,1
202070,540,5
202080,528,16
202090,612,64
202100,739,64
202110,702,74
202120,597,112
202130,536,98
202140,482,86
202150,409,79
202160,365,80
202170,325,61
202180,371,37
202190,456,18
202200,448,29
202210,1471,31
202220,2636,15
202230,3934,21
202240,3927,31
202250,3381,35
202260,2678,17
202270,2130,43
202280,1687,40
202290,1327,31
202300,1040,16
202310,802,16
202320,619,16
202330,471,37
202340,369,29
202350,1582,14
202360,3921,0
202370,3933,5
202380,3934,6
202390,3931,0
202400,3410,2
202410,2683,4
202420,3922,2
202430,3937,0
202440,3937,0
202450,3525,0
202460,2799,0
202470,2257,3
202480,3930,2
202490,3934,0
202500,3933,48
202510,3936,87
202520,3632,94
202530,2821,80
202540,3929,70
202550,3930,80
202560,3936,55
202570,3627,86
202580,3478,99
202590,3232,89
202600,3931,91
202610,3943,94
202620,3936,110
202630,3926,112
202640,3940,106
202650,3935,137
202660,3937,112
202670,3931,115
202680,3939,114
202690,3927,127
202700,3926,118
202710,3193,125
202720,2852,121
202730,2559,122
202740,3934,129
202750,3939,138
202760,3937,142
202770,3933,119
202780,3929,75
202790,3407,91
202800,3829,93
202810,3773,78
202820,3927,91
202830,3811,80
202840,3927,53
202850,3866,95
202860,3395,71
202870,2922,62
202880,3934,64
202890,3929,43
202900,3930,27
202910,3899,67
202920,3671,69
202930,3312,54
202940,3920,41
202950,3926,70
202960,3929,50
202970,3922,51
202980,3566,70
202990,3115,64
203000,3941,39
203010,3941,25
203020,3925,20
203030,3663,22
203040,3205,19
203050,2788,17
203060,3934,23
203070,3943,36
203080,3937,20
203090,3936,16
203100,3350,5
203110,2674,19
203120,3937,43
203130,3934,64
203140,3932,59
203150,3921,42
203160,3933,59
203170,3930,67
203180,3931,99
203190,3945,80
203200,3938,75
203210,3923,49
203220,3922,58
203230,3355,38
203240,2650,30
203250,3920,35
203260,3690,23
203270,3411,19
203280,3422,21
203290,3941,23
203300,3930,9
203310,3219,7
203320,3481,0
203330,3711,25
203340,3923,17
203350,3639,20
203360,3933,26
203370,3937,18
203380,3923,15
203390,3084,6
203400,2498,0
203410,3022,0
203420,3938,0
203430,3933,0
203440,3917,0
203450,3937,0
203460,3934,0
203470,3942,0
203480,3942,0
203490,3898,0
203500,3930,0
203510,3939,0
203520,3935,0
203530,3349,0
203540,2621,0
203550,3215,0
203560,3178,0
203570,2647,0
203580,3222,0
208089,3565,0
208099,3934,0
208109,3933,0
208119,3767,0
208129,3697,0
208139,3823,0
208149,3933,0
208159,3923,0
208169,3936,0
208179,3929,0
208189,3696,0
208199,2880,0
208209,2301,0
208219,1830,0
208229,1433,0
208239,1119,0
208249,868,0
208259,672,0
208269,511,0
208279,394,0
208289,289,0
208299,215,0
208309,150,2
208319,102,0
208329,63,0
208339,35,0
208349,9,0
208359,0,0
208369,3812,0
208379,3937,0
208389,3920,0
208399,3549,0
208409,3201,0
208419,3314,0
208429,3921,0
208439,3933,0
208449,3933,0
208459,3936,0
208469,3926,0
208479,3220,0
208489,2559,0
208499,2051,0
208509,1616,0
208519,1264,0
208529,979,0
208539,759,0
208549,587,0
208559,448,0
208569,337,0
208579,249,0
208589,181,0
208599,127,0
208609,80,0
208619,51,0
208629,17,0
208639,0,0
208649,0,0
208659,0,0
208669,0,0
208679,0,0
208689,0,0
208699,0,0
208709,0,0
208719,0,0
208729,0,0
208739,0,0
208749,0,0
208759,0,0
208769,0,0
208779,0,0
208789,0,0
208799,0,0
208809,0,0
208819,0,0
208829,0,0
208839,0,0
208849,0,0
208859,0,0
208869,0,0
208879,0,0
208889,0,0
208899,0,0
208909,0,0
208919,0,0
208929,0,0
208939,0,0
208949,0,0
208959,0,0
208969,0,0
208979,0,0
208989,0,0
208999,0,0
209009,0,0
209019,0,0
209029,0,0
209039,0,0
209049,0,0
209059,0,0
209069,0,0
209079,0,0
209089,0,0
209099,0,0
209109,0,0
209119,0,0
209129,0,0
209139,0,0
209149,0,0
209159,0,0
209169,0,0
209179,0,0
209189,0,0
209199,0,0
209209,0,0
209219,0,0
209229,0,0
209239,0,0
209249,0,0
209259,0,0
209269,0,0
209279,0,0
209289,0,0
209299,0,0
209309,0,0
209319,0,0
209329,0,0
209339,0,0
209349,0,0
209359,0,0
209369,0,0
209379,0,0
209389,0,0
209399,0,0
209409,0,0
209419,0,0
209429,0,0
209439,0,0
209449,0,0
209459,0,0
209469,0,0
209479,0,0
209489,0,0
209499,0,0
209509,0,0
209519,0,0
209529,0,0
209539,0,0
209549,0,0
209559,0,0
209569,0,0
209579,0,0
209589,0,0
209599,0,0
209609,0,0
209619,0,0
209629,0,0
209639,0,0
209649,0,0
209659,0,0
209669,0,0
209679,0,0
209689,0,0
209699,0,0
209709,0,0
209719,0,0
209729,0,0
209739,0,0
209749,0,0
209759,0,0
209769,0,0
209779,0,0
209789,0,0
209799,0,0
209809,0,0
209819,0,0
209829,0,0
209839,0,0
209849,0,0
209859,0,0
209869,0,0
209879,0,0
209889,0,0
209899,0,0
209909,0,0
209919,0,0
209929,0,0
209939,0,0
209949,0,0
209959,0,0
209969,0,0
209979,0,0
209989,0,0
209999,0,0
210009,0,0
210019,3463,0
210029,3935,0
210039,3929,0
210049,3504,0
210059,2755,0
210069,2203,0
210079,1751,0
