wire1_pin34,wire2_pin32
0,965
0,940
0,961
0,947
0,966
0,944
0,971
0,944
0,958
0,947
0,961
0,950
0,959
0,943
0,955
0,930
0,961
0,938
0,959
0,938
0,955
0,943
0,960
0,925
0,954
0,944
0,961
0,935
0,953
0,939
0,953
0,931
0,963
0,944
0,961
0,945
0,965
0,947
0,963
0,937
0,960
0,944
0,957
0,935
0,959
0,937
0,952
0,928
0,939
0,918
0,942
0,917
0,940
0,913
0,937
0,925
0,939
0,910
0,934
0,924
0,947
0,921
0,944
0,909
0,929
0,918
0,930
0,899
0,945
0,888
0,922
0,919
1,943
0,943
19,882
65,874
70,896
74,955
51,912
41,831
43,843
77,813
89,784
69,746
69,784
64,739
64,731
103,730
158,759
181,681
175,737
164,727
130,752
105,660
133,685
170,711
165,705
136,693
103,711
144,725
111,751
119,739
130,764
114,847
140,899
163,850
171,810
160,854
159,849
145,843
142,912
144,941
121,964
119,1075
113,908
112,1078
105,1012
100,982
79,1045
78,993
68,1127
67,934
64,1085
63,965
48,1005
43,1068
51,1014
49,988
34,1072
42,1007
25,1019
27,991
20,1043
27,1054
39,976
35,1053
38,1100
50,938
55,1008
38,1069
48,959
46,999
51,1094
50,967
49,981
44,976
23,1015
31,971
38,976
31,989
18,937
46,961
30,994
15,982
10,946
5,964
0,986
0,978
0,997
0,989
0,1014
0,995
0,1018
0,987
0,1007
0,990
0,1013
0,983
0,1005
0,977
0,1008
0,976
0,995
0,981
0,995
0,981
0,1015
0,982
0,1008
0,976
0,986
0,991
0,1006
0,976
0,992
0,975
0,1003
0,974
0,979
0,973
0,983
0,966
0,982
0,958
0,981
0,971
0,979
0,976
0,989
0,970
0,874
0,871
0,846
0,850
0,845
0,849
0,847
0,847
0,833
0,834
0,834
0,844
0,838
0,842
0,832
0,839
0,846
0,852
0,829
0,844
0,842
0,848
0,829
0,839
0,831
0,848
0,843
0,837
0,825
0,788
0,819
0,859
0,803
0,824
0,799
0,815
7,942
2,769
2,851
11,877
37,880
36,821
45,902
64,831
83,720
74,851
84,811
77,956
82,877
78,934
107,949
107,871
118,901
159,1021
04,955
251,993
208,899
214,1074
219,990
204,997
183,989
144,1143
113,1121
80,1150
80,1180
64,1107
54,1095
39,1150
47,1088
33,1054
17,1079
4,1110
6,1034
0,1079
10,1095
15,1062
21,1051
8,1059
0,1066
0,1008
9,976
3,1022
2,978
6,1008
5,958
0,992
0,973
0,945
29,975
16,986
13,942
34,956
50,946
35,994
38,967
46,975
25,919
20,1019
61,947
41,1008
51,941
62,1005
60,954
47,1015
59,940
77,927
71,944
48,960
43,965
43,1008
19,933
29,944
59,976
67,927
64,944
79,990
51,944
77,947
67,975
48,1011
62,997
48,978
42,933
42,997
19,976
13,944
7,999
15,976
17,941
16,1008
9,960
1,946
8,980
6,981
0,978
7,1014
0,915
0,949
0,950
0,975
0,933
0,949
0,933
0,958
46,911
0,951
0,935
0,963
0,910
0,955
0,974
0,939
0,961
0,973
0,961
0,963
2,933
0,976
0,944
0,976
0,926
0,958
0,965
0,976
0,954
0,972
0,941
0,979
0,953
0,961
0,943
0,987
0,967
0,973
0,962
0,987
0,930
0,973
0,955
0,999
0,951
0,976
0,953
0,963
0,957
0,973
0,951
0,976
0,938
0,976
0,937
0,973
0,950
0,973
0,939
0,965
0,942
0,967
0,943
8,981
0,949
0,955
0,950
0,960
0,944
0,959
0,961
0,957
0,945
0,960
0,963
0,960
0,959
0,963
0,959
0,975
0,950
0,950
0,958
0,950
0,953
0,961
0,950
0,949
0,945
0,943
0,941
0,957
0,944
0,947
0,944
0,957
0,944
0,946
0,945
0,937
0,939
0,929
0,931
0,928
0,913
0,917
0,897
0,895
0,883
0,912
0,916
0,907
16,899
23,894
22,893
32,879
37,871
35,906
61,821
58,821
48,835
97,855
105,801
129,826
145,809
144,845
131,838
115,859
113,862
104,939
117,878
134,919
131,951
102,923
82,936
80,987
71,905
53,960
47,1009
66,1041
66,950
54,1003
53,1018
88,951
66,1054
62,1045
47,1023
41,1009
23,1077
42,1013
16,1060
12,1051
25,1043
19,1012
0,1035
34,1035
0,1019
33,1037
0,1001
49,1046
19,1008
41,978
16,997
20,990
42,1075
34,918
0,1037
0,1057
23,967
54,1019
0,965
25,1067
85,1007
37,1038
53,1033
77,1004
46,1035
40,1039
39,978
38,1036
58,992
42,959
37,1010
17,976
11,971
14,997
15,987
11,1045
23,981
37,1008
27,988
21,962
29,1019
25,949
25,989
16,987
19,963
18,989
18,970
12,967
0,993
6,950
0,995
0,976
3,993
16,980
5,983
0,982
6,976
6,943
0,958
0,944
0,946
0,978
0,960
0,951
0,976
0,950
0,953
0,946
0,948
0,967
0,963
0,946
0,938
0,953
0,960
0,956
0,963
0,944
0,960
0,955
0,942
0,947
0,959
0,943
0,957
0,943
0,947
0,945
0,949
0,951
0,962
0,962
0,959
0,933
0,960
0,950
0,949
0,973
0,945
0,955
0,970
0,957
0,963
0,929
0,970
0,919
0,971
0,959
0,910
0,913
0,973
0,962
0,993
0,973
0,994
0,976
0,884
0,974
0,994
0,963
0,990
0,965
0,987
0,972
0,1037
0,981
0,986
0,1019
0,939
0,982
0,1009
0,974
0,997
0,933
0,1008
0,979
0,949
0,1044
0,1011
0,1136
0,1008
0,992
0,1031
0,1008
0,1040
0,1002
0,1156
0,1017
0,1023
0,1002
0,1036
0,1014
0,1035
0,1053
0,1012
0,987
0,1023
0,990
0,1013
0,991
0,1006
0,988
0,1037
0,968
0,975
0,998
0,1003
0,967
0,999
11,995
0,998
0,1009
0,1008
0,1005
0,1061
0,1008
0,1038
13,1023
4,1023
16,1008
15,1065
33,1037
41,1059
33,1042
32,1104
42,1054
21,1081
33,1172
32,1198
65,1131
65,1216
64,1094
63,1161
64,1069
53,1041
50,1131
51,1112
47,1097
51,1045
53,1072
70,1104
53,1069
90,1079
95,1060
90,1118
107,1075
84,1067
80,1090
78,1047
66,1045
75,1059
91,1032
81,1091
68,1058
55,1023
48,1086
32,1098
48,1067
48,1043
44,1031
25,1072
30,1018
43,1065
26,1023
39,1050
43,1008
46,1051
52,1035
64,1019
59,1035
84,1023
207,1023
61,1002
58,1040
51,1043
42,1046
39,1035
41,1045
32,1040
20,1012
12,1008
18,1056
19,1059
55,1006
64,1012
57,1062
47,1042
45,1034
47,1055
36,1009
32,1014
27,997
36,1058
34,1038
34,1021
27,1008
44,1023
48,1023
45,1077
44,990
32,1040
27,1049
13,1008
10,1011
0,1054
0,1050
0,1078
16,1022
21,1047
1,1022
1,1038
0,1023
0,1071
0,1037
0,1047
1,1053
0,1053
0,1051
0,1040
0,1045
0,1054
0,1033
0,1058
0,1043
0,1042
0,1035
0,1062
0,1040
0,1037
0,1023
0,1035
0,1011
0,1057
0,1036
0,1035
0,1034
0,1036
0,1033
0,1040
0,1023
0,1040
0,1010
0,1059
0,1023
0,1040
0,1038
0,1047
0,1031
0,1040
0,1039
0,1041
0,1035
2,1059
7,1054
1,1054
3,1053
9,1043
0,1056
0,1023
0,1049
0,1042
0,1046
0,1037
0,1039
0,1034
0,1039
0,1039
0,1050
0,1037
0,1040
0,1023
0,1023
0,1040
0,1040
0,1002
0,1056
0,1023
0,1023
13,1040
19,1047
13,1008
2,1034
0,1034
0,1057
0,1033
0,1008
0,1002
0,1019
0,1007
0,1018
0,1005
0,1013
0,1013
0,1035
0,1046
0,1005
0,1039
0,1013
0,976
0,996
0,983
0,974
22,966
35,975
48,934
43,903
28,905
13,958
25,917
16,926
49,938
103,963
29,891
19,944
37,880
66,925
48,927
47,999
52,1008
37,993
63,1008
114,951
42,960
66,1016
70,1045
107,1076
133,992
125,1058
187,1088
124,1136
126,1116
92,1038
133,1077
80,1075
76,1023
62,1099
35,965
41,1062
63,997
60,1091
76,1061
176,1040
80,1018
51,1050
60,986
61,1037
54,1022
49,1059
38,981
41,959
35,1040
38,976
65,1007
55,1001
48,988
48,993
57,955
50,965
67,941
59,994
55,974
39,940
49,976
63,938
48,949
55,987
50,967
47,1009
43,992
38,954
29,986
45,960
64,951
64,991
71,993
75,999
64,1005
67,1046
90,999
86,997
95,1008
103,1053
87,967
86,1012
71,1013
68,1041
66,991
51,1015
35,983
43,1053
35,978
23,1008
15,999
3,1009
12,1023
9,998
9,995
16,1038
3,977
0,1006
0,997
0,1021
0,1011
0,1012
0,1001
0,1023
0,995
0,1009
0,1013
0,1041
0,1008
0,1043
0,994
0,1031
0,995
0,1012
0,1006
0,1009
0,960
0,1010
0,1003
0,1014
0,976
0,1002
0,1007
0,1002
0,997
0,1008
0,981
0,1009
0,979
0,1011
0,989
0,1008
0,995
0,912
0,994
0,1023
0,942
0,1019
0,1023
0,1053
0,1007
0,943
0,999
0,1042
0,1072
0,1023
0,1002
0,1023
0,1047
0,1039
0,1055
0,1063
0,1057
0,1067
0,1091
0,1073
0,1059
0,1111
0,1004
0,1011
0,1062
0,1077
0,1008
0,1072
0,1065
0,976
0,1056
0,1072
0,1058
0,976
0,1058
0,1072
0,1065
0,1062
0,1057
0,1078
0,1067
0,1061
0,1056
0,1070
0,1074
0,1056
0,1065
0,1065
0,1040
0,1053
0,1056
0,1054
0,1054
0,1068
10,1020
2,1060
27,1063
13,1033
0,1046
5,1008
12,995
35,1045
42,1038
20,1040
26,960
22,1005
29,984
11,945
13,942
11,950
14,927
38,918
19,941
37,909
45,889
51,976
33,886
33,900
25,958
32,914
38,982
68,931
76,919
66,960
77,944
58,978
38,957
45,915
33,917
48,944
51,935
59,949
49,958
50,960
58,953
71,931
80,973
72,980
74,1008
64,958
76,1031
63,998
71,1022
75,986
65,1083
66,1034
80,1019
93,1046
68,1047
48,1013
32,1038
22,1046
9,1083
13,1045
16,1062
0,1067
1,1041
0,1061
0,1053
16,1040
30,1124
19,1079
36,1056
35,1059
27,1058
16,1094
30,1007
17,1043
18,1057
38,1015
22,1067
25,1056
49,1071
66,1042
62,1108
48,1068
43,1095
62,1063
64,1046
96,1057
112,1086
112,1079
91,1022
70,1072
76,1067
59,1056
48,1055
39,1081
48,1058
53,1053
48,1015
37,1089
32,1056
29,1047
43,1040
44,976
48,1038
27,1054
17,1008
14,1010
7,1079
1,1073
0,1023
3,1072
0,1071
0,1056
0,1066
0,1051
0,1055
0,1065
0,1048
0,1062
0,1074
0,1065
0,1072
0,1061
0,1077
0,1074
0,1056
0,1059
0,1068
0,1083
0,1087
0,1044
0,1063
0,1063
0,1075
0,1071
0,1081
0,1057
0,1071
0,1073
0,1070
0,1070
0,1083
0,1073
0,1104
0,1078
0,1075
0,1090
0,1104
0,1088
0,1106
0,1093
0,1097
0,1091
0,1104
0,1090
0,1107
0,1103
0,1111
0,1102
0,1111
0,1088
0,1126
0,1101
0,1131
0,1102
0,1124
0,1110
0,1123
0,1115
0,1132
0,1105
0,1136
0,1104
0,1138
0,1106
0,1121
0,1105
0,1133
0,1110
0,1133
0,1108
0,1136
0,1117
0,1126
0,1110
0,1141
0,1106
0,1127
0,1115
0,1131
0,1115
0,1134
0,1117
0,1137
0,1107
0,1121
0,1105
0,1135
0,1104
0,1158
0,1143
0,1109
6,1102
14,1115
10,1074
62,1091
42,1061
48,1089
31,1054
47,1109
1,1007
33,1103
21,1083
16,1137
28,1077
17,1099
30,1023
12,1042
83,1087
16,1023
43,1008
0,980
19,1023
0,1031
16,1107
64,1073
32,1114
0,983
128,1008
65,1066
35,1043
15,1039
77,1010
70,1082
54,947
48,1079
107,1056
68,1082
0,1008
60,1021
0,999
61,1036
53,1013
53,1047
62,998
39,1041
41,1040
41,1046
39,1014
50,1023
51,1039
50,1054
39,1003
25,1045
32,1042
64,1040
48,991
49,1008
50,1072
59,1008
74,987
77,1047
91,954
81,1035
91,1010
78,1008
78,1073
64,1023
76,965
52,1047
47,1095
39,1040
51,1063
55,1052
51,1053
64,1043
46,1048
48,1067
33,990
22,1057
30,1034
32,1031
17,1013
10,1047
12,1037
5,1046
3,1040
13,1043
41,1036
19,1010
18,1055
11,1043
13,1040
0,1058
12,1047
15,1076
2,1061
14,1058
18,1043
14,1067
14,1039
18,1023
16,1067
47,1057
53,1047
49,1082
34,1033
53,1071
47,1062
43,1074
44,1079
43,1076
39,1110
26,1050
9,1075
3,1071
0,1090
0,1060
5,1119
3,1060
1,1056
16,1136
10,1056
1,1095
2,1082
0,1072
0,1086
0,1043
0,1073
0,1087
0,1085
0,1059
0,1065
0,1111
0,1046
0,1125
0,1073
0,1054
0,1068
0,1079
0,1103
0,1066
0,1063
0,1093
0,1090
0,1023
0,1079
0,1079
0,1063
0,1088
0,1088
0,1088
0,1063
0,1082
0,1075
0,1104
0,1090
0,1104
0,1088
0,1088
0,1088
0,998
0,994
0,995
0,999
0,976
0,1003
0,983
0,976
0,971
0,995
0,982
0,987
0,977
0,1002
0,982
0,1010
0,992
0,1017
0,1007
0,1015
0,1006
0,1035
0,1011
0,1035
0,1013
0,1033
0,1018
0,1040
0,1021
0,1037
0,1021
0,1052
0,1066
0,1042
0,978
0,1013
0,1020
0,973
5,976
0,933
29,996
52,976
97,936
90,929
64,1006
58,934
43,918
34,912
39,939
48,973
35,959
39,909
35,876
23,934
27,870
42,958
43,937
34,964
18,959
45,917
32,912
22,985
28,895
48,877
62,925
59,958
66,888
68,982
68,842
79,930
55,863
53,892
49,861
55,911
37,881
58,919
53,920
45,957
46,907
32,927
32,897
52,908
72,907
67,947
64,897
49,917
58,956
55,909
37,965
36,965
41,944
42,942
64,997
37,998
53,939
42,1032
30,1003
23,982
48,958
45,944
74,992
65,922
53,991
43,1008
42,959
43,1005
51,976
42,1008
46,1039
48,1033
38,986
39,1035
62,1023
57,1023
34,1008
57,1038
33,1021
48,1017
43,999
37,1023
50,975
44,1008
55,998
48,979
54,994
57,1005
63,976
54,961
57,1052
64,1003
59,996
57,997
64,994
51,1050
76,1008
66,989
54,1018
41,1011
32,987
49,1009
55,1018
50,1023
38,999
49,1023
64,1009
55,1033
45,995
47,1069
52,1001
49,1054
48,1006
51,1008
50,987
31,981
26,997
26,1023
22,979
19,1062
6,1007
0,1023
0,1009
0,1046
0,1013
0,1037
0,997
0,1011
0,1004
0,1044
0,987
0,1015
0,998
0,1041
0,1009
0,1042
0,986
0,1040
0,1008
0,1010
0,1022
0,1021
0,1005
0,1023
0,1002
0,1042
0,989
0,1011
0,983
0,1007
0,995
0,1017
0,983
0,995
0,994
0,994
0,977
0,1007
0,989
0,997
0,985
0,1007
0,1015
0,1031
0,1023
0,1038
0,1023
0,1039
0,1009
0,1020
0,1018
0,1023
0,1014
0,1034
0,1038
0,1039
0,1021
0,1038
0,1017
0,1033
0,1021
0,1022
0,1014
0,1037
0,1031
0,1048
0,1008
0,1023
0,1014
0,1023
0,1019
0,1034
0,1015
0,1038
0,1036
0,1023
0,1011
0,1033
0,1010
0,1015
0,1018
0,1018
42,1008
16,1008
58,993
0,1023
42,1019
0,1012
0,985
42,1008
0,953
0,978
0,1007
20,915
10,942
46,998
35,899
55,925
48,923
66,930
90,902
86,944
43,912
63,911
53,932
59,908
80,906
70,853
45,941
64,921
58,893
48,880
60,941
64,896
82,899
77,929
52,976
57,951
62,980
54,967
65,951
58,999
56,1013
61,979
106,997
169,1007
166,995
161,1008
123,1037
169,1045
176,1055
180,1040
162,1023
222,1023
265,998
272,1044
275,1018
224,1020
187,1031
183,1013
152,862
127,1023
144,1041
162,985
161,1039
161,1018
165,1007
155,998
144,1003
106,1008
144,989
126,1008
103,1018
99,1018
112,960
92,1008
80,1040
74,1005
59,960
44,1015
35,994
35,991
31,984
43,1002
49,972
47,986
38,976
48,975
48,976
35,991
41,975
38,1015
37,979
42,1017
16,957
5,979
3,998
13,1008
12,976
5,1022
0,962
0,978
0,939
0,983
0,944
0,974
0,991
0,974
0,998
0,975
0,978
0,983
0,974
0,983
0,992
0,1016
0,990
0,1009
0,992
0,993
0,992
0,993
0,977
0,982
0,989
0,999
0,993
0,983
0,978
0,988
0,987
0,1004
0,1008
0,1010
0,991
0,983
0,976
0,982
0,993
0,997
0,998
0,976
0,1008
0,1039
0,995
0,875
0,999
0,884
0,983
0,994
0,1002
0,989
0,1008
0,1008
0,1000
0,1007
0,1001
0,1040
0,997
0,1035
0,993
0,987
0,1047
0,1017
0,1004
0,998
0,1050
0,1031
0,942
0,1040
0,923
0,1035
0,1056
0,1031
0,1061
0,1023
0,1057
0,1030
0,1053
0,1037
0,1053
0,1035
0,1055
0,1038
0,1055
0,1041
0,1054
0,1039
0,1066
0,1042
0,1053
0,1051
0,1069
0,1055
0,1086
0,1023
0,1069
0,1044
0,1072
0,1057
0,1061
3,1072
3,1044
18,1036
29,1023
35,1004
22,1081
19,981
23,1067
16,995
18,1047
16,1049
0,1035
0,1072
0,1047
1,1040
18,1087
4,1039
0,1094
0,1043
0,1066
0,981
16,1089
18,1099
10,1046
21,1036
16,1039
16,1068
0,1008
1,1021
0,1040
0,1003
0,1050
22,1041
33,1047
34,987
54,1055
70,1042
60,1055
53,1063
64,1104
67,1030
51,1106
47,1076
79,1095
76,1074
74,1122
80,1058
64,1114
63,1081
54,1128
64,1083
67,1072
84,1041
93,1090
99,1015
112,1103
101,1040
98,1055
78,1038
66,1053
66,1035
48,1090
47,1066
37,1008
37,1023
19,1065
35,1035
34,1088
38,1067
30,1023
27,1031
28,1093
31,1040
38,1063
42,1049
34,1047
41,1046
30,1066
22,1038
20,1050
24,1013
13,1011
16,1023
6,1021
16,989
12,1023
17,976
2,1008
16,1003
1,1018
0,986
0,1020
0,995
0,1023
9,1019
0,1003
0,1006
0,1021
10,1003
7,1009
0,998
0,1011
0,995
0,1002
0,991
0,1009
0,981
0,994
0,990
0,1008
0,971
0,991
0,971
0,1001
0,976
0,983
0,957
0,982
0,971
0,987
0,967
0,987
0,961
0,989
0,976
0,982
0,976
0,987
0,976
0,986
0,981
36,1010
0,976
0,1003
0,986
0,1008
0,976
0,1010
0,998
0,1007
0,995
0,1018
0,1009
0,1019
0,996
0,1018
0,994
0,1023
0,1006
0,1037
0,1007
0,1023
0,1009
0,1023
0,1013
0,1037
0,1011
0,1022
0,1017
0,1055
0,1013
0,1057
0,1111
0,1055
0,1072
0,1062
0,1065
0,1055
17,1063
0,1057
0,1062
0,1057
0,1061
14,1063
0,1059
0,1059
0,1058
0,1053
0,1060
0,1043
0,1056
0,1061
0,1055
7,1042
0,1071
0,1039
0,1055
0,1038
0,1072
0,1011
2,1071
21,1003
0,991
20,1006
9,1009
3,997
16,929
28,1002
0,928
114,943
26,911
29,923
9,959
3,932
7,1013
17,976
38,1018
57,977
48,1041
58,1016
87,944
85,1049
100,1015
106,988
80,1008
115,995
97,995
109,987
112,998
96,973
115,1082
122,990
112,1008
113,1021
132,1023
204,1045
250,991
259,1077
222,1040
265,1005
326,1135
317,1046
352,1075
316,1095
263,1119
265,1093
263,1072
203,1104
211,1071
214,1065
224,1110
230,1119
192,1055
202,1047
211,1090
263,1042
277,1071
255,1087
263,1057
272,1041
240,1078
225,1053
174,1051
165,1069
151,1057
153,1048
129,1014
117,1097
95,1083
80,1031
71,1035
65,1022
53,1065
48,1023
42,1072
17,1045
36,1101
37,997
32,1033
33,1043
31,1038
35,1043
39,1083
47,1061
38,1015
31,1043
33,1055
26,1049
50,1072
41,1011
30,1057
47,1045
36,1072
19,1063
25,1075
29,1056
23,1047
19,1072
13,1037
26,1038
25,1066
21,1036
16,1040
11,1052
9,1040
16,1019
26,1099
19,997
13,1062
0,1047
0,1039
0,1035
0,1044
0,1058
0,976
0,1036
0,1061
0,1055
0,1056
10,1038
0,1063
0,1007
0,1044
0,1019
0,1051
0,1033
0,1045
0,1005
0,1072
0,964
0,1042
0,1023
0,1091
0,1069
0,1040
0,1039
0,1058
0,1023
0,1072
0,1031
0,1046
0,1002
0,1056
0,1057
0,1020
0,1013
0,1053
0,1034
0,1056
0,1021
0,1057
0,1040
0,1065
0,1019
0,1065
0,999
0,1055
0,1023
0,1044
0,1035
0,1058
0,1033
0,1049
0,1021
0,1061
0,1040
0,1067
0,1021
0,1057
0,1043
0,1048
0,1074
0,1083
0,1067
0,1079
0,1072
0,1095
0,1068
0,1082
0,1065
0,1088
0,1072
0,1082
0,1074
0,1086
0,1074
0,1088
0,1072
0,1088
0,1072
0,1081
0,1075
0,1084
0,1085
0,1088
0,1072
0,1088
0,1072
0,1088
0,1077
0,1103
0,1085
0,1078
0,1071
0,1088
0,1088
0,1079
0,1073
0,1047
0,1072
1,1019
32,969
17,1017
16,959
17,991
4,955
16,1014
18,1014
22,976
25,977
39,1079
43,1001
54,1061
64,1075
69,1072
80,1089
64,1109
64,1046
47,1038
45,1013
32,1006
60,1008
46,983
80,1012
63,975
112,974
117,1057
115,1006
138,1035
101,1049
106,1062
96,1021
87,1062
112,1113
103,1104
112,1120
105,1137
95,1072
81,1130
91,1133
89,1038
81,1080
84,1074
94,1083
120,1078
131,1104
143,1086
105,1040
103,1118
112,1085
112,1109
114,1059
117,1104
95,1060
112,1109
92,1104
114,1073
103,1052
81,1085
52,1067
33,1051
35,1066
35,1088
25,1088
20,1050
26,1052
27,1071
31,1088
32,1088
29,1021
23,1085
22,1049
47,1072
41,1073
37,1039
30,1040
32,1061
42,1094
42,1031
43,1102
43,1067
19,1040
15,1070
5,1008
17,1042
16,1067
34,1015
25,1050
16,1023
3,1042
1,1052
0,1046
16,1069
32,1082
29,1046
31,1040
34,1065
21,1038
21,1033
31,1037
38,1078
25,1014
42,1104
22,1008
15,1051
2,991
0,1023
0,1003
0,1002
0,1043
0,1011
0,973
0,1040
15,992
16,1021
0,1088
6,1059
0,1070
5,1050
0,1031
0,1069
0,1059
0,1088
0,1057
0,1085
0,976
0,1063
0,1060
0,1073
0,1089
0,1041
0,1076
0,1060
0,1083
0,1063
0,1052
0,1072
0,1070
38,1046
0,1083
0,1045
0,1062
0,1061
0,1068
0,1051
0,1069
0,1038
0,1071
0,1071
0,1047
0,1043
0,1061
0,1067
0,1054
0,1063
0,1059
0,1058
0,1052
0,1058
0,1067
0,1054
0,1097
0,1067
0,1095
0,1076
0,1105
0,1072
0,1093
0,1083
0,1109
0,1083
0,1101
0,1090
0,1100
0,1075
0,1106
0,1088
0,1104
0,1087
0,1106
0,1072
0,1104
0,1070
21,1106
0,1081
0,1099
0,1075
0,1099
0,1075
0,1098
0,1072
0,1089
0,1073
0,1099
0,1069
0,1091
0,1070
0,1073
0,1070
0,1072
0,1040
0,1040
0,1054
0,1040
64,1061
0,1035
0,1081
0,1040
0,1084
0,1045
0,1067
0,1054
0,1083
0,1053
0,1066
0,1066
0,1063
0,1040
0,1059
0,1023
0,1067
0,1035
0,1061
0,1019
0,1040
0,1038
0,1049
0,1017
0,1023
0,1007
0,1015
0,1013
0,1053
0,1035
0,1033
0,1042
0,1056
0,1050
0,1088
0,1008
0,1088
15,1084
16,1023
17,1023
36,1039
28,1081
16,1057
26,999
11,1036
6,990
6,1060
13,998
6,1008
22,1011
32,1051
65,1008
51,1055
51,1071
45,1089
16,1091
37,1072
67,1059
59,1101
48,1077
50,1101
69,1067
82,1109
80,1072
48,1134
63,1082
74,1072
95,1088
96,1160
122,1118
142,1167
117,1153
91,1164
87,1165
136,1188
120,1185
118,1189
123,1172
109,1242
82,1172
79,1222
69,1168
51,1199
50,1175
41,1199
16,1179
4,1223
27,1200
19,1231
16,1168
6,1218
0,1303
0,1243
0,1185
0,1050
6,1196
1,1203
14,1085
8,1226
6,1199
13,1232
9,1213
0,1173
0,1191
22,1225
14,1131
13,1199
14,1167
7,1204
6,1179
28,1233
38,1192
61,1279
49,1168
48,1195
52,1172
39,1227
35,1203
28,1232
29,1203
33,1205
37,1147
13,1215
5,1191
0,1203
0,1157
0,1218
0,1155
0,1167
0,1153
0,1169
0,1171
0,1167
0,1153
0,1162
0,1170
0,1196
0,1147
0,1165
0,1147
0,1177
0,1167
0,1175
0,1161
0,1186
0,1179
0,1199
0,1163
0,1181
0,1200
0,1203
0,1172
0,1194
0,1167
0,1187
0,1173
0,1131
0,1137
0,1138
0,1135
0,1124
0,1133
0,1123
0,1136
0,1130
0,1139
0,1126
0,1132
0,1130
0,1119
0,1129
0,1136
0,1123
0,1132
0,1122
0,1134
0,1133
0,1135
0,1111
0,1125
0,1137
0,1119
0,1099
0,1104
0,1107
1,1124
0,1111
11,1140
14,1089
29,1117
44,1095
52,1104
35,1113
48,1127
46,1110
33,1136
15,1115
12,1147
41,1129
27,1122
27,1104
18,1106
11,1087
3,1137
43,1088
59,1095
45,1010
32,1021
38,1006
59,932
69,932
80,942
107,833
101,907
112,880
94,878
107,858
83,866
75,874
56,887
55,861
35,855
69,877
62,896
112,852
113,867
100,881
77,884
68,874
64,882
130,943
103,880
110,894
80,921
78,912
67,912
85,913
101,903
86,948
63,914
85,901
94,913
102,924
121,931
114,878
106,952
122,921
150,925
142,916
137,890
106,907
103,912
97,912
103,926
117,897
99,939
112,919
161,935
186,919
160,929
128,962
112,1022
115,1043
91,1072
112,1056
95,1103
87,1091
78,1109
115,1105
144,1101
135,1090
117,1143
111,1102
94,1147
78,1151
97,1137
97,1126
73,1161
50,1146
43,1183
48,1153
80,1178
145,1186
126,1184
110,1168
112,1202
106,1178
80,1159
86,1187
78,1195
65,1122
73,1198
57,1180
29,1170
17,1149
23,1189
38,1178
38,1189
40,1150
42,1173
47,1165
39,1199
31,1137
16,1153
16,1197
38,1168
34,1181
24,1154
17,1171
7,1158
12,1134
0,1178
2,1108
0,1189
6,1109
16,1168
22,1129
0,1167
19,1125
11,1138
2,1153
2,1185
0,1099
0,1136
0,1106
0,1131
0,1123
0,1107
0,1093
0,1164
37,1094
0,1109
0,1106
0,1131
0,1134
0,1129
0,1104
0,1136
0,1132
0,1109
0,1131
0,1119
0,1097
0,1115
0,1121
0,1136
0,1091
38,1104
0,1120
0,1102
0,1085
0,1093
55,1083
0,1089
0,1073
0,1093
0,1047
0,1059
0,1055
0,1062
0,1049
0,1072
0,1047
0,1059
0,1041
0,1067
0,1040
0,1051
0,1054
0,1065
0,1036
0,1057
0,1057
0,1062
0,1041
0,1055
0,1040
0,1063
0,1038
0,1066
0,1031
0,1044
0,945
0,1045
0,1022
0,1047
0,1015
0,1046
0,1014
0,1039
0,1008
0,1011
0,1004
0,1014
0,984
0,995
0,989
0,991
0,975
0,1008
0,975
0,986
0,960
0,978
0,999
16,966
37,938
37,916
66,910
126,906
112,870
130,879
112,837
80,842
101,764
99,754
119,742
129,791
114,774
126,752
106,753
94,768
98,759
77,788
64,813
82,880
75,859
67,915
48,958
35,965
36,1005
34,1040
39,1040
22,1067
22,1072
15,1065
17,1095
19,1077
19,1085
16,1072
11,1047
15,1125
31,1073
26,1091
20,1063
48,1072
55,1120
50,1067
48,1135
59,1072
63,1136
55,1090
64,1136
55,1093
62,1099
67,1104
61,1063
53,1110
59,1008
45,1136
51,1074
39,1093
33,1132
46,1103
80,1119
65,1090
73,1105
64,1102
55,1100
48,1083
38,1117
27,1110
30,1117
26,1072
38,1078
26,1103
33,1105
20,1086
1,1082
37,1045
26,1111
18,1108
29,1095
15,1075
7,1088
0,1089
3,1103
3,1061
14,1045
30,1099
35,1072
18,1054
7,1041
6,1080
0,1047
0,1058
0,1050
0,1063
0,1043
0,1073
0,1040
0,1040
0,1043
0,1078
0,1037
0,1073
0,1067
0,1073
0,1057
0,1066
0,1069
0,1062
0,1069
0,1056
0,1074
0,1069
0,1059
0,1063
0,1079
0,1044
0,1056
0,1045
0,1040
0,1061
0,1042
0,1051
0,1047
0,1059
0,1040
0,1051
0,1058
0,1038
0,1046
0,1047
0,1045
0,1042
0,1050
0,1035
0,1039
0,1039
0,1052
0,1040
0,1038
0,1065
0,1035
0,1041
0,1043
0,1042
0,1020
0,1041
0,1043
0,1035
0,1040
0,1039
0,1043
0,1044
0,955
0,921
0,950
0,920
0,941
0,921
0,942
0,912
0,926
0,918
0,935
0,933
0,944
0,914
0,940
0,912
0,941
0,927
0,939
0,913
0,938
0,918
0,948
0,923
0,944
0,927
0,956
0,918
0,954
0,928
0,942
0,912
0,917
0,887
0,910
0,880
3,899
20,868
16,876
12,855
17,881
21,880
21,853
76,886
75,818
93,770
113,813
99,752
112,930
135,887
135,846
132,873
111,927
110,818
145,886
138,848
114,862
131,856
103,880
111,816
101,884
83,850
80,879
115,883
94,871
111,903
82,925
124,873
135,945
116,952
130,1011
143,958
142,1023
111,967
89,1014
108,958
122,972
95,1021
86,989
98,1063
86,1046
121,1035
120,1084
87,1051
75,1050
60,992
62,1083
53,1067
45,1040
48,1005
47,1068
48,997
45,1051
43,1040
31,1014
16,976
6,975
0,989
0,994
43,1008
16,1019
45,973
32,996
39,1018
46,983
59,1021
59,1071
65,1022
48,1013
57,1015
52,1021
53,992
34,1059
29,1016
21,1040
16,1015
23,1023
45,1014
48,1070
41,1020
35,1006
64,1021
45,1071
27,999
50,1017
39,1006
64,1023
59,954
58,1033
62,970
49,1009
32,946
15,1006
16,967
0,994
0,936
0,983
21,988
10,975
6,933
4,967
3,959
0,970
0,960
0,955
0,959
0,990
0,981
0,979
0,958
19,989
0,976
0,991
0,969
0,1011
0,976
0,1008
0,991
0,1015
0,989
0,1018
0,979
0,999
0,990
0,1009
0,967
16,1007
0,975
0,996
119,986
0,986
0,977
0,1008
0,993
0,1002
14,982
0,1008
27,976
0,1019
0,976
0,997
0,991
0,1008
0,990
0,1007
0,976
0,1008
0,991
0,1002
0,978
0,1008
0,978
0,1008
0,993
0,1017
0,989
0,1001
0,994
0,1007
0,990
0,985
0,971
0,984
0,967
0,985
0,976
0,979
0,972
0,982
0,990
0,979
0,978
0,977
0,985
0,987
0,976
0,1007
0,978
0,982
0,982
0,978
0,1001
0,988
0,981
0,960
0,1006
0,970
0,976
0,979
0,990
0,976
0,963
0,975
0,931
14,973
20,941
19,939
39,940
38,938
33,936
33,896
37,912
39,960
30,901
28,882
43,857
55,901
59,855
66,873
61,933
83,941
113,849
108,873
125,927
160,857
208,977
215,903
228,962
225,976
194,911
169,937
144,971
151,974
160,962
150,1017
128,871
149,923
208,1020
198,983
166,977
181,1021
178,987
177,960
164,970
165,989
145,945
139,971
112,1104
125,933
112,1008
91,1002
80,1035
74,999
61,978
48,961
48,1038
38,1007
37,1019
50,997
51,998
48,1119
19,981
18,1009
19,972
31,946
33,1003
33,983
15,925
31,941
16,978
22,978
31,975
39,998
49,803
43,1019
32,976
47,1020
39,1007
36,971
20,994
21,1002
27,1057
26,1002
35,995
41,1005
43,1047
42,963
30,987
26,976
24,1001
16,990
14,958
19,967
37,976
43,960
48,958
27,919
17,971
19,901
16,939
15,944
7,951
4,944
0,954
0,967
12,955
0,958
0,964
0,973
0,976
0,949
0,957
0,977
0,975
0,974
0,965
0,963
0,973
0,976
0,979
0,974
0,983
0,976
0,963
0,974
0,971
0,962
0,985
0,976
0,985
0,969
0,976
0,971
0,976
13,972
0,978
0,976
0,979
0,979
0,983
0,976
0,981
0,981
0,987
0,977
0,973
0,977
0,977
0,983
0,991
0,972
0,985
0,979
0,976
0,971
0,991
0,957
0,982
0,971
0,979
0,960
0,975
0,973
0,978
0,971
0,977
0,970
0,1001
0,955
0,994
0,947
0,967
0,950
0,976
0,944
0,967
0,951
0,976
0,946
0,975
0,950
0,974
0,948
0,976
0,950
0,970
0,944
0,973
0,958
0,967
0,954
0,973
0,951
0,973
0,949
0,979
0,944
0,967
0,951
0,977
0,955
0,978
0,944
0,973
0,958
0,967
0,929
0,957
0,931
1,955
29,932
26,941
48,905
55,943
50,891
46,941
49,915
69,919
59,902
64,911
74,912
76,907
107,871
117,918
125,851
125,832
141,826
104,832
95,813
84,865
81,770
81,869
79,805
80,870
112,805
112,896
123,799
149,854
195,838
208,819
179,816
277,893
237,850
272,923
243,880
227,911
177,938
148,945
125,962
111,992
85,971
81,1018
85,960
72,999
69,990
48,1023
45,1009
36,1006
16,1008
10,996
48,989
35,1003
38,1008
48,1019
28,998
26,1001
35,993
65,1023
70,999
55,991
55,981
31,983
19,963
31,994
1,959
21,1008
31,977
23,1003
0,967
37,998
31,989
83,1019
49,969
55,1031
48,955
52,1023
55,1011
35,1011
21,985
26,997
29,1023
19,1013
71,1005
71,1059
75,999
80,1035
76,1001
103,1037
0,1009
66,991
48,1015
36,1021
16,976
32,989
48,983
27,987
0,964
0,1015
3,971
21,975
5,978
0,976
11,955
0,1008
0,977
0,1008
0,977
0,990
0,969
0,908
0,916
0,934
0,903
0,950
0,913
0,976
0,950
0,985
0,951
0,1008
0,999
0,983
0,982
0,984
0,1005
0,1007
0,971
0,986
0,992
0,970
0,989
0,971
0,990
0,976
0,973
0,976
0,955
0,985
0,966
0,988
0,947
0,966
0,969
0,976
0,979
0,997
0,967
0,973
0,994
0,991
0,981
0,971
0,969
0,991
0,972
0,975
0,976
0,983
0,978
0,990
0,960
0,940
0,946
0,945
0,954
0,945
0,958
0,944
0,956
0,939
0,958
0,941
0,976
0,944
0,959
0,948
0,959
0,950
0,964
0,944
0,951
0,942
0,960
0,957
0,949
0,944
0,943
0,974
0,954
0,972
0,962
0,934
0,961
0,954
0,942
0,947
0,959
0,908
0,919
3,971
1,928
13,925
16,875
10,895
0,899
3,890
0,880
0,914
0,906
0,883
6,917
0,915
12,912
3,918
25,1100
39,875
36,938
41,962
29,993
14,923
16,927
27,1021
25,1008
36,974
38,1040
30,950
25,999
31,879
11,903
7,845
0,865
0,855
0,873
0,673
0,885
0,911
0,976
4,943
1,1049
2,987
7,1018
1,994
0,1011
5,983
3,1020
0,992
0,1019
0,1021
0,1023
0,1023
0,1043
0,1050
0,1072
0,1051
0,1075
0,1060
0,1073
0,1085
0,1103
0,1058
0,1088
0,1067
0,1052
0,1066
0,1077
0,1067
0,1075
0,1072
0,1092
0,1072
0,1101
0,1078
0,1105
6,1069
0,1104
0,1075
0,1104
0,1073
2,1107
29,1072
50,1065
77,1065
77,1088
74,1078
54,1083
53,1076
55,1133
48,1073
64,1111
99,1085
96,1108
88,1104
71,1116
57,1088
31,1131
23,1072
5,1093
14,1075
12,1089
17,1067
23,1102
38,1056
27,1079
29,1101
23,1103
17,1072
9,1085
9,1072
0,1104
0,1085
0,1093
0,1073
0,1099
0,1090
2,1088
29,1069
26,1107
17,1088
4,1077
1,1074
6,1110
7,1088
0,1081
0,1078
0,1093
0,1063
0,1105
0,1069
0,1085
0,1072
2,1093
13,1094
0,1082
3,1062
0,1091
0,1088
0,1076
0,1072
0,1095
0,1076
0,1093
0,1057
0,1095
0,1071
0,1090
0,1023
0,1081
0,1057
0,1085
0,1056
0,1097
0,1046
0,1075
0,1072
0,1061
0,1059
0,1079
0,1082
0,1073
0,1045
0,1074
0,1073
0,1102
0,1076
0,1090
0,1072
0,1074
0,1074
0,1073
0,1083
0,1088
0,1071
0,1085
0,1088
0,1093
0,1082
0,1070
0,1085
0,1078
0,1075
0,1093
0,1078
0,1085
0,1082
0,1087
0,1083
0,1086
0,1088
0,1074
0,1088
0,1079
0,1083
0,1078
0,1068
0,1071
0,1072
0,1070
0,1055
0,1045
21,1052
5,1043
1,1022
0,1010
0,997
0,999
0,1008
0,1008
0,1014
0,1014
0,1009
5,1033
2,1021
0,981
9,983
3,994
0,956
16,1010
21,937
14,919
6,979
18,925
14,935
0,923
12,999
16,959
0,943
3,976
5,976
14,979
22,977
6,1008
9,960
0,1006
0,1015
16,993
18,1003
16,1014
17,1044
9,1035
5,1049
7,1074
1,1071
16,1074
3,1107
14,1102
3,1135
0,1134
16,1158
4,1143
30,1152
12,1141
0,1143
5,1151
0,1139
6,1141
5,1126
0,1120
0,1119
13,1116
0,1094
13,1093
0,1119
5,1103
0,1105
0,1085
31,1111
64,1095
113,1086
48,1104
42,1088
7,1101
33,1124
17,1079
16,1079
22,1101
16,1106
33,1074
30,1106
54,1088
20,1088
13,1072
29,1102
16,1105
0,1085
16,1098
15,1098
17,1033
19,1109
16,1078
32,1090
39,1130
47,1095
32,1082
27,1103
31,1112
41,1133
38,1069
41,1142
24,1106
16,1113
14,1098
16,1067
34,1102
16,1103
9,1083
16,1104
46,1076
46,1102
43,1099
47,1107
51,1090
37,1060
43,1104
42,1085
27,1103
16,1073
16,1089
13,1108
21,1106
18,1082
14,1056
0,1101
7,1103
6,1087
2,1098
0,1063
0,1106
5,1151
0,1021
0,1108
0,1072
0,1072
0,1206
0,1227
0,1121
0,1137
17,1088
18,1163
9,1101
3,1072
0,1138
0,1036
0,1091
0,1105
0,1017
0,1078
0,1089
0,1172
0,1057
0,1107
0,1047
0,1061
0,1014
0,1095
0,1072
0,1074
0,1111
0,1099
0,1055
0,1072
0,1344
0,1361
0,1341
0,1358
0,1334
0,1365
0,1335
0,1361
0,1330
0,1337
0,1321
0,1348
0,1319
0,1331
0,1203
0,1328
0,1312
0,1368
0,1337
0,1375
0,1408
0,1379
0,1360
0,1385
0,1333
0,1410
0,1378
0,1433
0,1415
0,1455
0,1447
0,1469
0,1409
0,1475
0,1472
0,1506
0,1493
0,1434
0,1514
0,1535
0,1526
0,1554
0,1525
0,1562
0,1535
0,1563
0,1521
0,1535
0,1524
0,1535
0,1488
0,1520
0,1497
0,1506
0,1502
0,1484
0,1459
0,1487
0,1482
0,1493
0,1458
0,1479
0,1459
0,1466
0,1437
11,1455
21,1409
29,1459
32,1405
50,1422
76,1460
61,1442
49,1392
42,1424
26,1389
21,1424
23,1413
18,1418
30,1406
19,1457
16,1457
14,1461
32,1430
33,1450
35,1442
18,1476
31,1424
17,1435
19,1410
16,1450
33,1438
28,1439
55,1434
60,1421
36,1411
71,1442
93,1433
87,1424
98,1456
85,1456
74,1463
55,1493
33,1459
17,1488
15,1471
26,1469
22,1477
13,1505
18,1466
46,1491
26,1456
29,1475
30,1407
33,1456
21,1424
11,1440
9,1418
16,1439
26,1408
16,1445
51,1423
54,1441
61,1424
49,1438
53,1411
50,1456
42,1417
20,1424
16,1415
11,1441
16,1395
31,1424
23,1419
16,1418
17,1404
16,1432
16,1383
0,1414
0,1394
0,1398
0,1396
0,1413
0,1379
0,1405
0,1383
0,1386
0,1388
0,1408
0,1370
0,1403
0,1378
0,1392
0,1373
0,1387
0,1400
0,1408
0,1401
0,1383
0,1378
0,1402
0,1405
0,1394
0,1388
0,1397
0,1366
0,1391
2,1391
0,1386
0,1371
0,1375
0,1386
0,1418
5,1380
14,1376
16,1392
11,1386
1,1375
6,1408
0,1399
0,1370
0,1379
0,1409
0,1406
21,1399
6,1365
22,1373
27,1390
28,1387
42,1410
48,1351
64,1376
22,1394
18,1398
12,1411
16,1405
16,1359
6,1351
6,1376
0,1354
0,1389
0,1433
0,1415
0,1424
0,1411
0,1427
0,1420
0,1429
0,1418
0,1427
0,1421
0,1433
0,1413
0,1436
0,1424
0,1447
0,1413
0,1436
0,1426
0,1446
0,1425
0,1424
0,1417
0,1447
0,1419
0,1427
0,1413
0,1431
0,1409
0,1421
0,1403
19,1449
31,1402
16,1404
24,1397
34,1394
65,1383
52,1387
34,1365
27,1391
28,1366
3,1382
20,1383
22,1407
27,1417
55,1424
59,1456
49,1444
74,1439
61,1445
48,1435
50,1475
70,1397
67,1413
74,1421
62,1405
53,1410
37,1397
48,1422
48,1405
33,1422
27,1405
40,1392
31,1392
25,1366
43,1422
37,1370
0,1381
58,1379
51,1392
83,1374
26,1424
32,1369
22,1419
16,1408
16,1483
16,1438
15,1453
19,1461
55,1498
39,1472
36,1514
0,1474
16,1493
11,1501
18,1565
64,1467
25,1512
23,1508
35,1504
16,1501
16,1500
22,1456
30,1502
24,1476
22,1499
19,1462
13,1472
13,1471
1,1478
16,1454
0,1475
0,1472
5,1477
0,1469
0,1493
0,1458
0,1484
0,1474
0,1495
0,1466
0,1483
0,1467
0,1479
0,1477
0,1505
0,1488
0,1497
9,1520
2,1499
0,1470
0,1603
0,1424
0,1602
0,1471
19,1527
26,1586
29,1529
64,1507
62,1525
66,1520
64,1590
58,1555
62,1489
78,1476
55,1535
83,1535
87,1522
81,1427
59,1467
58,1473
36,1450
32,1473
38,1438
67,1434
64,1517
54,1414
34,1455
33,1443
22,1453
16,1447
16,1463
0,1415
0,1436
1,1370
0,1584
0,1417
0,1479
0,1422
0,1443
0,1437
0,1458
0,1391
0,1433
0,1418
0,1424
0,1353
0,1425
0,1339
0,1425
0,1453
0,1446
0,1397
0,1615
0,1439
0,1456
0,1446
0,1445
0,1452
0,1475
0,1435
0,1478
0,1479
0,1520
0,1585
0,1479
0,1467
0,1487
0,1479
0,1472
0,1456
0,1479
0,1459
0,1473
0,1441
0,1485
0,1456
0,1463
0,1451
0,1487
0,1405
0,1503
0,1503
0,1505
0,1488
0,1505
0,1498
0,1506
0,1500
0,1501
0,1506
0,1502
0,1497
0,1509
0,1503
0,1503
0,1501
0,1504
0,1494
0,1499
0,1502
0,1502
0,1488
0,1513
0,1494
0,1499
0,1488
0,1494
0,1490
0,1488
0,1504
0,1494
0,1492
0,1508
0,1485
0,1511
0,1485
0,1495
0,1518
0,1487
0,1491
0,1477
0,1481
0,1483
0,1467
6,1499
17,1463
16,1469
27,1457
33,1457
29,1433
17,1435
19,1439
12,1457
9,1458
26,1433
52,1422
49,1403
80,1406
113,1405
203,1391
237,1367
240,1374
281,1397
254,1386
248,1386
285,1375
235,1362
208,1370
251,1390
200,1396
233,1382
239,1397
210,1418
172,1422
149,1401
126,1415
182,1420
189,1454
157,1424
158,1407
144,1456
112,1428
101,1429
99,1450
93,1438
100,1455
98,1458
98,1452
96,1444
75,1473
80,1472
79,1454
52,1470
33,1456
25,1488
21,1473
32,1460
27,1477
21,1458
18,1500
14,1451
7,1449
11,1476
7,1417
8,1450
19,1450
23,1459
9,1459
5,1434
0,1467
15,1434
28,1456
19,1447
23,1437
6,1449
6,1450
2,1440
1,1410
20,1453
23,1451
37,1440
48,1419
34,1456
38,1429
58,1459
54,1444
54,1446
50,1452
61,1455
37,1487
22,1463
21,1435
37,1476
33,1423
28,1471
17,1456
42,1483
35,1489
17,1451
14,1503
19,1471
19,1473
31,1434
22,1491
11,1434
1,1511
7,1474
18,1437
22,1493
22,1441
48,1461
33,1476
47,1455
32,1437
61,1475
46,1485
45,1439
16,1442
7,1434
0,1474
0,1392
0,1424
0,1370
0,1394
0,1422
0,1434
0,1395
0,1431
0,1415
0,1417
0,1435
0,1460
0,1438
0,1481
0,1454
0,1458
0,1456
0,1456
0,1462
0,1463
0,1440
0,1462
0,1441
0,1457
0,1443
0,1450
0,1435
0,1451
0,1436
0,1442
0,1425
0,1456
0,1415
0,1423
0,1424
0,1425
0,1418
0,1434
0,1418
0,1423
0,1461
0,1477
0,1473
0,1482
0,1459
0,1485
0,1472
0,1488
0,1456
0,1488
26,1456
0,1482
0,1476
0,1488
0,1481
0,1488
0,1467
0,1499
0,1460
0,1497
0,1472
0,1499
0,1473
0,1498
9,1477
0,1486
0,1476
0,1479
0,1483
0,1491
0,1461
125,1482
0,1507
0,1482
0,1435
0,1488
5,1459
0,1467
0,1462
0,1515
0,1472
0,1456
0,1463
0,1472
0,1459
0,1483
0,1433
0,1446
0,1458
0,1408
0,1425
0,1461
0,1451
5,1414
0,1453
15,1420
3,1414
17,1487
11,1417
18,1456
3,1360
5,1403
0,1393
0,1331
0,1283
0,1325
13,1294
12,1337
7,1297
7,1300
17,1316
22,1314
16,1306
3,1335
0,1287
3,1328
3,1351
3,1321
6,1297
18,1311
18,1306
6,1310
0,1258
16,1328
66,1292
94,1296
135,1265
153,1315
173,1283
175,1314
158,1325
145,1348
131,1361
105,1414
101,1407
110,1459
101,1437
123,1455
142,1447
119,1478
115,1458
92,1502
98,1475
135,1484
165,1451
153,1456
201,1438
163,1453
191,1436
144,1454
135,1425
125,1431
101,1407
89,1425
71,1424
115,1424
144,1410
165,1419
144,1421
126,1424
106,1418
109,1411
114,1387
100,1403
132,1424
99,1383
84,1394
70,1413
59,1395
58,1411
65,1396
75,1409
77,1379
80,1399
67,1381
64,1407
78,1397
71,1395
64,1371
55,1408
51,1393
59,1421
61,1387
51,1392
64,1408
50,1375
83,1381
91,1409
70,1385
133,1413
138,1375
167,1408
143,1408
122,1414
112,1391
154,1439
206,1438
187,1393
147,1423
112,1418
110,1428
104,1390
97,1421
72,1440
48,1423
30,1447
26,1412
32,1455
35,1421
22,1441
30,1422
16,1407
29,1424
30,1424
18,1434
6,1450
12,1447
0,1434
6,1413
19,1483
48,1424
47,1440
64,1427
79,1462
80,1387
87,1526
89,1386
85,1423
66,1426
49,1422
30,1387
80,1417
60,1366
75,1387
70,1364
45,1394
29,1346
26,1420
23,1380
13,1408
0,1469
0,1442
0,1462
0,1520
0,1441
0,1450
0,1311
0,1455
0,1490
0,1441
0,1416
0,1473
0,1461
0,1449
0,1507
0,1447
0,1501
0,1454
0,1457
0,1446
0,1581
0,1481
0,1466
0,1444
0,1456
0,1433
0,1433
0,1508
0,1469
0,1451
0,1455
0,1430
0,1462
0,1442
0,1456
0,1429
0,1451
5,1436
3,1454
12,1439
15,1453
0,1442
7,1438
31,1427
17,1447
17,1454
15,1446
13,1425
16,1450
13,1423
33,1427
31,1402
45,1424
60,1424
54,1420
70,1415
77,1423
68,1372
80,1397
67,1417
51,1379
60,1350
50,1392
46,1373
175,1392
64,1362
79,1365
103,1351
119,1358
102,1363
123,1401
106,1356
108,1376
139,1357
108,1383
95,1360
68,1390
55,1366
48,1371
53,1328
49,1405
40,1349
59,1380
75,1389
82,1373
103,1386
97,1331
97,1327
146,1381
170,1396
133,1387
183,1344
161,1392
181,1373
175,1391
268,1362
208,1438
189,1237
146,1363
125,1440
128,1487
123,1296
112,1401
105,1368
117,1411
192,1408
167,1414
140,1386
109,1407
144,1391
111,1409
113,1372
103,1408
110,1388
99,1395
119,1424
106,1394
111,1370
207,1417
128,1385
117,1402
95,1387
90,1409
92,1373
112,1398
113,1374
85,1391
65,1363
51,1535
69,1360
94,1379
109,1379
80,1401
64,1393
75,1408
59,1357
47,1418
29,1382
43,1398
43,1389
55,1404
46,1392
33,1412
48,1396
63,1397
33,1392
49,1439
43,1409
37,1425
9,1427
15,1436
12,1408
11,1429
19,1418
1,1445
2,1401
45,1405
23,1413
9,1419
5,1376
13,1440
0,1418
6,1420
16,1405
5,1419
13,1415
0,1435
0,1399
0,1452
30,1418
34,1445
30,1394
32,1489
58,1436
93,1420
99,1431
118,1456
78,1429
55,1446
58,1447
16,1435
18,1422
17,1430
16,1434
77,1405
17,1423
16,1422
16,1444
0,1415
27,1478
29,1442
11,1455
30,1421
46,1425
45,1463
35,1426
0,1440
8,1449
0,1392
0,1419
0,1387
0,1403
0,1392
0,1406
0,1391
0,1410
0,1388
0,1399
0,1390
0,1399
0,1392
0,1405
0,1380
0,1405
0,1383
0,1400
0,1391
0,1396
0,1384
0,1407
0,1386
0,1396
0,1379
0,1399
0,1391
0,1408
0,1392
0,1395
0,1389
0,1383
0,1392
0,1409
0,1391
0,1405
0,1390
0,1406
0,1379
0,1409
0,1392
0,1399
0,1383
0,1404
0,1385
0,1393
0,1373
0,1394
0,1341
11,1408
35,1341
48,1392
53,1376
63,1359
58,1342
54,1383
55,1343
45,1349
16,1369
20,1378
28,1398
33,1387
25,1421
25,1382
16,1392
4,1405
19,1392
20,1424
38,1395
65,1409
41,1422
47,1399
64,1431
67,1457
49,1422
54,1434
68,1423
69,1457
96,1423
67,1488
48,1434
48,1456
51,1455
48,1430
60,1459
60,1439
65,1458
66,1459
70,1437
47,1509
30,1424
15,1487
12,1430
16,1488
17,1458
26,1478
35,1465
35,1487
22,1451
22,1453
20,1428
26,1470
17,1438
13,1458
6,1423
0,1450
1,1461
2,1503
5,1408
5,1438
14,1431
2,1482
16,1453
21,1452
18,1431
8,1455
16,1445
13,1451
0,1424
0,1470
0,1442
0,1475
0,1447
0,1475
0,1455
0,1472
0,1447
0,1445
0,1461
0,1479
0,1413
0,1462
0,1455
0,1459
0,1409
0,1488
0,1459
0,1462
0,1414
0,1467
0,1455
0,1461
0,1469
0,1453
7,1488
0,1465
6,1446
0,1518
0,1462
0,1469
0,1443
0,1463
0,1417
0,1447
2,1424
0,1494
0,1422
0,1467
0,1465
0,1456
0,1444
0,1498
4,1392
0,1462
7,1464
0,1469
7,1392
11,1479
16,1424
9,1445
16,1406
7,1454
31,1434
11,1439
0,1401
0,1456
0,1408
0,1473
1,1401
0,1446
0,1423
0,1489
0,1463
16,1419
16,1413
13,1440
11,1422
3,1451
1,1389
0,1430
0,1428
0,1453
0,1452
0,1415
0,1430
0,1472
0,1451
0,1482
0,1430
0,1475
0,1469
0,1477
0,1505
0,1498
0,1501
0,1495
0,1504
0,1502
0,1517
0,1512
0,1514
0,1501
0,1507
0,1511
0,1500
0,1509
0,1518
0,1501
0,1508
0,1505
0,1520
0,1514
0,1520
0,1506
0,1519
0,1513
0,1510
0,1493
0,1520
0,1516
0,1531
0,1510
0,1533
0,1517
0,1511
0,1504
0,1505
4,1493
16,1518
43,1485
38,1496
45,1477
55,1488
50,1491
37,1475
54,1468
43,1495
63,1493
48,1450
36,1514
27,1473
17,1459
37,1500
51,1495
57,1559
48,1453
41,1509
29,1449
32,1479
49,1492
45,1450
31,1465
35,1469
48,1503
62,1491
74,1447
58,1474
62,1425
86,1487
67,1463
58,1453
53,1458
39,1405
50,1467
49,1419
57,1473
45,1553
40,1505
43,1414
41,1465
39,1429
46,1467
85,1457
91,1461
80,1452
80,1466
67,1507
80,1492
80,1479
94,1519
74,1501
66,1486
96,1472
106,1477
149,1499
122,1485
92,1476
89,1466
76,1475
64,1472
67,1475
77,1419
51,1497
41,1452
31,1483
46,1430
48,1457
42,1456
29,1471
19,1423
10,1457
3,1454
0,1456
11,1426
7,1455
0,1438
0,1443
0,1424
0,1459
0,1422
0,1456
1,1435
0,1462
0,1437
0,1462
0,1430
0,1457
0,1461
0,1452
0,1429
0,1459
0,1443
0,1460
0,1449
0,1467
0,1453
0,1451
0,1425
0,1443
5,1502
0,1449
1,1423
0,1481
0,1425
0,1431
1,1433
5,1445
17,1429
7,1476
13,1456
0,1427
18,1447
18,1447
20,1424
39,1470
35,1441
54,1443
35,1478
43,1448
49,1458
62,1475
53,1456
34,1503
29,1482
54,1439
45,1479
48,1462
37,1437
50,1495
63,1476
48,1447
55,1443
25,1535
52,1505
48,1424
59,1397
55,1515
48,1439
32,1462
30,1436
15,1489
23,1441
16,1490
23,1470
16,1499
0,1412
6,1456
3,1422
3,1475
3,1424
0,1482
0,1413
0,1509
0,1424
0,1472
0,1487
0,1441
0,1440
0,1471
0,1469
0,1443
0,1456
0,1483
0,1485
0,1492
0,1487
0,1491
0,1489
0,1492
0,1486
0,1483
0,1489
0,1483
0,1482
0,1488
0,1489
0,1492
0,1479
0,1491
0,1485
0,1489
0,1481
0,1487
0,1487
0,1488
0,1494
0,1498
0,1497
0,1483
0,1488
0,1495
0,1486
0,1481
0,1482
0,1501
0,1493
0,1495
0,1497
16,1493
6,1493
5,1520
3,1492
0,1490
11,1475
11,1487
11,1487
9,1517
17,1487
26,1462
27,1467
34,1499
19,1482
64,1474
50,1505
54,1535
51,1520
59,1556
48,1632
62,1553
64,1584
57,1574
51,1578
42,1535
80,1535
79,1565
64,1493
49,1512
38,1535
64,1456
57,1483
33,1453
32,1473
33,1503
43,1498
32,1577
39,1535
39,1535
48,1525
25,1589
25,1569
6,1562
0,1577
0,1603
31,1581
48,1619
66,1579
80,1609
67,1577
93,1579
101,1575
118,1575
113,1578
100,1591
80,1603
67,1581
51,1570
64,1572
53,1615
69,1565
59,1607
66,1567
60,1585
53,1599
35,1590
17,1623
13,1569
0,1635
0,1535
34,1589
30,1562
16,1571
59,1581
81,1573
0,1571
37,1535
102,1583
137,1555
182,1563
243,1574
198,1591
187,1531
142,1643
199,1490
112,1518
103,1490
71,1607
44,1587
39,1616
48,1609
43,1557
64,1580
54,1634
43,1654
29,1605
19,1664
22,1600
27,1600
15,1613
10,1591
13,1599
16,1622
33,1616
41,1517
16,1573
19,1555
42,1559
35,1504
25,1561
47,1470
37,1553
47,1587
38,1535
36,1567
46,1513
57,1522
53,1618
37,1467
25,1643
38,1508
42,1555
80,1587
90,1495
98,1524
73,1531
57,1490
48,1486
41,1530
54,1515
62,1495
50,1495
65,1469
67,1465
46,1456
32,1521
26,1435
42,1466
38,1476
61,1433
78,1489
64,1525
63,1427
52,1439
39,1458
34,1474
31,1470
25,1494
23,1424
21,1485
19,1479
16,1438
7,1459
7,1472
1,1463
0,1467
0,1445
1,1471
0,1463
0,1491
0,1473
0,1470
0,1411
0,1508
0,1474
0,1489
0,1463
0,1487
0,1458
0,1474
0,1463
0,1471
0,1456
0,1482
0,1446
0,1464
0,1490
0,1471
0,1455
0,1503
0,1464
0,1456
0,1403
0,1456
0,1502
0,1467
0,1435
0,1454
0,1477
0,1377
3,1469
0,1451
6,1456
0,1330
4,1431
0,1426
16,1408
16,1408
0,1443
0,1398
16,1404
4,1419
11,1561
19,1401
48,1388
52,1370
58,1326
42,1604
35,1345
42,1284
46,1361
61,1395
62,1397
35,1395
19,1406
9,1409
22,1409
23,1423
20,1461
25,1474
29,1485
17,1504
37,1468
44,1535
56,1489
75,1566
64,1554
78,1580
80,1552
128,1583
113,1581
101,1603
70,1562
54,1583
42,1597
62,1616
37,1601
47,1594
50,1629
49,1609
35,1635
37,1648
48,1630
48,1643
45,1650
33,1655
28,1600
53,1653
80,1606
59,1614
47,1591
48,1584
42,1572
37,1573
47,1554
21,1527
16,1535
18,1570
16,1507
46,1520
47,1492
39,1520
99,1522
179,1504
252,1458
244,1465
262,1515
336,1517
316,1470
275,1505
312,1506
269,1529
247,1490
222,1520
186,1523
144,1535
161,1535
131,1523
96,1552
66,1525
48,1492
70,1584
52,1517
49,1499
45,1534
61,1526
49,1520
64,1507
54,1478
53,1520
42,1486
49,1525
29,1443
16,1502
21,1535
21,1486
17,1442
18,1473
25,1450
39,1498
33,1522
42,1493
27,1475
29,1526
39,1501
38,1471
32,1434
54,1463
64,1488
60,1462
53,1425
43,1443
47,1493
34,1455
20,1459
9,1463
0,1488
3,1461
11,1413
0,1497
0,1472
0,1431
0,1424
0,1423
0,1472
0,1453
14,1502
0,1459
0,1434
0,1430
0,1474
0,1440
0,1456
0,1482
0,1445
16,1430
25,1443
7,1421
0,1421
11,1447
12,1421
5,1457
0,1446
0,1430
0,1457
0,1472
0,1454
0,1424
0,1449
0,1417
0,1452
0,1479
0,1423
0,1411
0,1461
0,1511
0,1426
0,1449
0,1477
0,1469
0,1507
0,1424
0,1469
0,1505
0,1487
0,1458
0,1488
0,1475
0,1472
0,1456
0,1486
0,1469
0,1475
0,1457
0,1473
0,1472
0,1491
0,1458
0,1478
0,1469
0,1493
0,1456
0,1488
0,1458
0,1482
0,1461
0,1474
0,1461
0,1489
0,1453
0,1472
0,1467
0,1479
0,1442
0,1446
0,1461
0,1466
48,1426
49,1446
71,1422
115,1469
114,1424
115,1411
122,1402
180,1393
154,1421
183,1398
217,1407
226,1367
202,1442
177,1357
191,1367
253,1363
214,1415
196,1365
240,1373
208,1409
248,1293
244,1420
253,1360
233,1359
350,1458
452,1364
384,1358
360,1388
405,1408
387,1397
175,1397
309,1392
289,1358
258,1383
240,1312
240,1360
240,1296
138,1366
310,1266
290,1373
256,1264
242,1291
368,1356
387,1379
323,1301
336,1368
347,1238
355,1413
367,1339
304,1338
400,1396
394,1390
348,1415
305,1377
283,1395
381,1366
320,1308
234,1454
272,1426
143,1455
284,1375
231,1413
224,1456
270,1445
259,1401
208,1534
269,1407
358,1447
308,1475
243,1455
204,1458
171,1511
155,1485
131,1514
136,1527
111,1477
80,1472
75,1561
77,1533
56,1535
65,1529
60,1518
59,1474
35,1552
23,1535
11,1552
9,1535
15,1514
17,1488
19,1502
23,1519
14,1511
15,1478
16,1557
12,1513
5,1496
27,1473
63,1535
71,1535
59,1517
54,1522
79,1535
66,1502
49,1553
55,1562
61,1525
61,1492
94,1518
91,1554
105,1478
86,1441
64,1503
48,1494
48,1477
87,1470
63,1488
55,1521
47,1535
37,1454
48,1518
44,1433
45,1488
25,1520
17,1520
4,1488
0,1488
12,1475
13,1572
17,1447
16,1513
16,1485
29,1424
35,1477
16,1481
14,1477
16,1454
19,1453
27,1485
13,1468
2,1459
0,1467
2,1478
0,1469
0,1486
0,1451
0,1502
0,1494
0,1525
0,1459
0,1487
0,1513
0,1480
0,1476
0,1486
0,1494
0,1446
0,1481
0,1467
0,1475
0,1424
0,1467
0,1425
0,1483
0,1456
0,1456
0,1563
0,1535
0,1508
0,1534
0,1535
0,1535
0,1520
0,1526
0,1619
0,1525
0,1527
0,1519
0,1521
0,1557
0,1530
0,1535
0,1533
0,1571
0,1535
0,1582
0,1555
0,1585
0,1568
0,1600
0,1553
0,1583
0,1535
0,1571
0,1535
0,1554
0,1523
0,1535
0,1521
0,1535
0,1523
0,1554
0,1527
0,1535
2,1563
0,1558
21,1568
18,1574
116,1569
135,1618
132,1595
199,1647
219,1535
226,1520
190,1501
191,1463
151,1456
130,1452
100,1388
81,1346
90,1318
80,1339
119,1279
108,1293
107,1292
127,1279
155,1270
176,1281
204,1280
222,1220
226,1223
225,1243
234,1210
177,1338
254,1295
272,1307
291,1302
286,1280
245,1323
257,1259
243,1283
270,1273
267,1310
211,1236
234,1306
228,1283
192,1281
186,1360
167,1197
151,1371
178,1265
191,1400
194,1275
162,1434
193,1332
233,1280
262,1327
272,1255
281,1360
233,1273
243,1325
263,1276
313,1314
285,1310
245,1309
213,1328
210,1285
187,1296
179,1319
170,1362
133,1327
89,1312
112,1306
91,1361
73,1298
68,1351
38,1328
28,1343
45,1305
31,1349
16,1297
14,1315
4,1302
0,1310
0,1282
0,1301
0,1232
0,1312
2,1205
0,1245
0,1255
0,1339
0,1232
0,1290
0,1279
0,1328
0,1238
0,1291
0,1269
0,1325
0,1306
0,1301
0,1264
0,1301
0,1292
0,1315
0,1292
0,1307
11,1291
16,1302
48,1277
66,1335
80,1261
63,1271
54,1328
46,1392
48,1283
57,1383
43,1344
35,1287
34,1331
33,1301
25,1266
11,1285
0,1296
0,1315
0,1266
0,1298
0,1261
0,1308
0,1271
0,1319
5,1279
0,1285
0,1280
0,1279
0,1287
6,1250
11,1260
16,1259
16,1310
6,1249
0,1328
0,1267
0,1250
0,1297
0,1261
3,1314
5,1222
1,1261
6,1277
1,1244
0,1279
0,1266
0,1254
0,1278
0,1156
0,1239
0,1234
5,1232
0,1231
10,1248
14,1242
7,1257
10,1239
5,1223
0,1264
12,1270
0,666
0,631
0,682
0,638
0,656
0,640
0,667
0,640
0,653
0,651
0,654
0,633
0,654
0,642
0,654
0,670
0,657
0,626
0,665
0,635
0,661
0,642
0,655
0,634
0,648
0,623
0,664
0,625
0,688
0,634
0,650
0,655
1,640
23,596
17,627
15,633
16,642
27,640
44,620
48,610
43,663
45,635
34,639
44,628
29,671
23,663
0,656
13,689
10,690
0,651
7,703
6,663
8,651
8,657
76,723
39,639
42,696
26,664
14,673
16,631
16,667
26,634
22,663
43,656
32,679
30,643
33,720
28,642
41,679
36,668
33,685
36,683
17,678
16,633
15,650
47,642
42,608
27,647
13,665
13,637
25,673
42,640
35,626
47,618
55,658
49,675
33,656
25,654
38,702
24,651
10,682
0,684
6,661
26,660
47,635
61,602
61,615
53,560
43,576
50,543
35,575
29,577
17,573
16,539
23,546
35,553
34,560
39,547
24,560
16,563
15,599
0,541
4,615
2,654
0,621
0,641
0,612
15,659
0,637
0,625
0,646
0,603
0,623
0,593
0,591
0,609
0,642
0,666
0,642
0,654
0,657
0,683
0,665
0,603
0,694
0,653
0,642
16,640
16,656
12,634
0,667
0,643
0,670
0,637
0,574
2,621
0,659
0,638
0,658
0,628
0,637
0,645
0,640
13,784
44,679
48,655
41,783
50,658
42,663
18,656
27,610
21,687
31,675
4,641
28,666
54,630
45,654
30,659
16,667
34,604
29,673
36,658
64,688
90,699
62,634
53,651
52,720
71,622
86,717
86,727
108,686
119,817
106,739
95,764
80,845
80,801
76,787
80,830
85,688
69,833
68,790
74,743
77,747
71,784
64,763
64,763
47,752
43,742
29,731
26,702
0,693
0,714
0,699
0,707
0,703
0,722
0,714
0,718
0,717
0,729
0,720
0,725
0,705
0,725
0,718
0,722
0,709
0,726
0,711
0,712
0,704
0,720
0,708
0,720
0,691
0,714
0,712
0,715
0,697
0,714
0,693
0,718
0,707
0,730
0,696
0,707
0,682
0,723
0,690
0,726
0,691
0,702
35,707
51,722
54,673
53,710
74,671
112,752
201,735
173,661
148,702
158,738
193,704
157,673
119,684
178,671
192,650
166,689
185,639
174,699
188,662
195,702
176,656
171,675
154,738
142,688
166,719
149,727
162,741
167,691
161,690
129,688
98,707
108,706
112,708
108,727
90,689
77,717
80,683
113,747
142,751
163,715
138,711
107,725
85,677
82,701
80,692
67,720
64,716
79,758
59,750
58,805
61,784
54,801
55,934
49,928
31,837
27,874
17,879
9,783
9,774
16,772
43,847
48,745
28,720
19,743
33,688
18,716
10,674
3,662
0,629
0,703
16,625
9,656
0,613
0,640
5,640
0,637
4,640
0,667
0,670
0,659
0,640
0,671
0,659
0,700
0,656
0,739
0,675
38,659
45,671
54,693
33,683
25,641
27,666
46,681
65,769
56,720
35,731
63,669
53,677
48,731
29,689
25,773
34,711
48,672
64,704
67,690
75,655
61,752
70,783
82,707
112,784
101,839
91,813
112,885
125,764
111,791
103,782
79,782
87,721
95,741
101,784
65,842
60,747
59,759
61,720
66,739
77,758
75,676
64,720
64,715
54,768
59,684
32,668
23,752
26,688
17,763
13,667
23,703
33,675
13,746
6,670
1,679
0,633
0,658
0,667
0,656
10,655
27,680
17,658
16,650
20,634
14,673
5,629
3,631
0,630
16,662
26,623
16,671
0,645
0,634
0,654
0,643
0,637
0,624
0,636
0,638
0,641
0,628
0,638
0,622
0,625
0,607
46,653
119,623
0,627
0,645
0,640
0,624
0,640
7,639
0,621
0,630
0,629
25,619
4,631
17,624
75,631
32,624
171,656
51,645
0,633
42,652
32,626
50,605
77,606
75,602
123,651
125,581
112,617
117,578
93,613
112,563
125,625
124,573
134,589
151,605
138,667
153,576
157,629
165,587
155,656
156,646
155,609
155,694
154,726
114,610
122,670
155,725
130,677
119,715
112,657
112,685
137,665
127,652
125,697
93,639
112,644
90,640
137,627
134,663
133,669
109,679
125,715
128,688
172,691
193,638
182,683
160,688
174,686
167,704
143,705
167,703
181,653
183,617
158,701
146,667
123,729
178,678
150,743
118,642
160,727
166,706
141,670
115,655
112,758
95,692
80,710
62,704
60,645
57,688
48,653
45,702
48,638
42,643
32,658
47,631
46,646
43,688
25,597
23,669
16,609
20,621
19,656
16,666
18,622
48,686
32,653
27,673
39,681
50,656
52,685
48,636
48,661
31,608
25,637
16,651
30,613
55,624
48,622
47,598
43,635
59,560
42,651
33,612
25,599
31,634
27,598
47,606
39,645
22,611
21,623
21,593
0,669
12,592
9,649
0,634
3,623
24,611
33,609
16,650
17,586
17,621
14,649
13,583
9,665
26,582
22,574
13,565
10,615
4,592
10,617
21,607
11,606
3,543
4,640
0,574
0,578
8,554
0,606
0,588
0,617
0,560
0,624
0,570
0,595
0,650
0,625
0,589
0,605
0,577
0,599
0,602
0,592
0,576
0,631
0,577
0,606
0,594
0,624
0,595
0,629
0,596
0,630
11,607
3,619
7,607
0,628
0,625
0,613
0,631
0,596
0,596
0,595
0,615
0,607
0,620
0,603
0,620
0,595
0,614
0,610
0,624
0,603
0,619
0,602
0,623
0,594
0,612
0,605
0,611
0,612
0,624
0,607
0,608
0,602
0,630
0,614
0,621
0,601
13,607
16,602
23,610
16,596
0,626
0,607
6,610
0,592
9,630
34,567
18,658
48,576
55,624
42,592
35,560
80,592
86,587
138,566
135,577
202,592
208,626
193,623
189,630
189,608
187,640
174,591
164,630
190,619
147,624
144,584
145,607
145,639
115,593
107,624
133,646
132,624
231,725
234,661
198,735
192,739
191,704
184,650
195,689
158,666
139,655
114,673
89,688
103,656
145,689
190,659
208,681
262,656
256,767
217,732
207,796
272,722
263,770
220,880
267,889
261,944
262,865
270,848
272,884
277,752
246,827
293,813
294,749
291,763
336,783
321,731
320,720
291,706
241,721
239,689
250,706
211,723
246,704
267,638
208,671
212,703
208,625
192,659
192,628
189,656
169,619
147,619
147,693
145,611
80,656
64,653
73,608
64,624
46,625
35,594
30,629
25,624
16,679
13,627
0,643
26,711
26,643
41,649
12,673
17,633
11,671
42,625
31,632
43,674
49,599
69,635
119,657
220,639
112,671
89,628
97,643
137,625
130,725
127,593
119,659
102,659
87,623
97,615
97,665
80,622
90,612
99,614
112,641
96,603
97,685
108,595
88,620
79,639
53,595
0,592
0,613
34,611
74,657
57,592
48,702
33,597
3,691
47,578
28,643
91,627
79,634
77,560
50,663
0,621
45,586
73,607
13,613
16,609
25,588
46,609
6,606
9,586
3,612
0,576
0,637
0,589
0,595
16,593
0,613
0,591
5,605
51,586
1,638
0,589
0,627
0,634
0,614
0,630
0,608
0,631
0,613
0,639
0,609
0,624
0,602
0,629
0,610
0,633
0,607
0,640
0,603
0,624
0,598
0,635
0,609
0,624
0,608
0,624
0,614
0,629
0,607
0,615
0,634
0,655
3,600
2,647
0,605
0,651
26,594
19,617
46,602
48,624
74,560
99,567
96,550
81,592
112,562
101,592
73,576
65,634
83,595
85,592
83,576
59,585
85,594
74,602
79,594
68,550
80,582
95,570
89,551
80,573
90,607
98,624
80,663
181,635
208,676
194,722
223,634
186,691
178,755
171,809
139,791
157,780
159,779
145,855
149,816
123,818
138,766
159,711
144,691
171,667
194,691
192,771
208,680
261,773
292,753
339,838
404,770
369,780
355,749
385,669
402,755
393,656
318,717
336,739
308,780
305,765
247,667
223,729
211,673
198,702
278,650
304,637
339,640
369,656
354,665
320,651
336,632
355,658
352,625
291,606
266,582
224,604
272,557
215,592
177,569
229,551
192,558
158,638
163,592
155,577
144,541
123,618
165,677
144,576
112,464
95,561
82,560
87,576
73,527
59,599
64,571
75,656
81,559
79,608
65,617
78,627
77,591
59,667
38,661
27,627
48,656
38,623
27,626
38,581
37,618
48,645
51,635
52,654
76,658
85,593
75,709
75,640
84,678
92,688
80,720
99,747
91,753
106,720
136,732
122,717
112,789
90,669
111,722
83,720
91,656
103,738
95,681
97,672
112,646
103,625
85,659
135,654
109,579
133,651
104,649
100,672
83,593
85,706
90,592
80,607
82,613
60,625
54,593
41,607
6,607
10,604
11,562
35,623
42,615
16,606
13,587
3,618
6,574
7,599
14,613
4,623
0,598
0,622
0,609
0,624
0,602
0,621
0,591
116,698
135,631
122,622
143,627
128,610
147,635
145,618
193,647
201,610
240,629
246,601
298,629
303,629
345,624
347,612
387,624
385,606
431,622
427,599
466,624
462,600
502,624
481,603
499,606
491,592
509,605
503,602
537,603
526,592
546,612
526,592
546,603
511,582
567,591
548,589
560,596
559,573
565,607
581,592
592,604
553,565
598,610
593,546
623,588
583,560
626,592
656,523
637,598
618,581
651,613
665,583
645,592
657,561
656,571
656,563
673,578
663,589
704,576
674,546
685,562
679,592
715,605
688,557
718,634
707,646
703,624
720,622
739,583
731,610
746,610
690,590
762,547
720,576
784,577
718,565
688,578
734,577
742,547
722,593
759,570
719,569
769,599
699,594
744,563
762,579
783,598
749,565
783,582
753,605
801,578
768,555
817,599
784,593
816,574
824,576
829,588
831,592
874,562
823,538
803,541
829,576
874,577
793,560
890,560
859,592
891,576
877,560
848,576
870,559
853,589
844,579
841,598
831,558
846,591
823,614
827,565
823,576
894,587
815,576
832,581
815,570
816,577
801,589
812,597
820,611
829,594
823,603
832,563
838,592
838,576
830,576
853,585
827,635
863,597
816,611
878,604
862,619
858,607
854,594
881,608
802,591
899,592
874,604
911,583
880,581
913,562
895,612
903,591
865,580
884,573
867,611
892,583
827,592
819,576
765,589
645,569
590,592
453,591
383,592
291,631
227,591
208,678
187,585
162,647
124,607
91,625
19,611
11,598
56,576
48,610
48,593
45,610
87,609
65,570
64,593
64,575
27,560
144,583
7,592
2,580
1,583
0,591
16,611
0,592
0,623
5,593
0,609
0,608
40,609
5,612
0,629
16,597
0,598
0,613
0,639
0,594
0,609
0,587
0,579
0,576
0,598
0,603
0,611
0,611
0,604
0,603
0,605
0,599
0,603
0,597
0,605
0,605
0,598
0,601
0,609
0,599
0,602
0,603
0,607
0,612
0,602
0,598
0,607
0,597
0,599
0,606
0,611
0,621
0,602
0,610
0,611
0,603
0,622
0,586
0,595
0,576
0,597
12,592
10,622
13,564
10,639
22,562
33,631
23,567
27,582
45,576
51,576
64,556
61,582
61,577
61,567
78,578
69,568
65,563
47,605
27,585
37,593
48,610
50,631
46,586
69,592
57,613
45,615
50,595
82,576
64,583
49,591
45,606
20,595
36,603
17,607
11,522
6,611
5,595
16,589
21,590
16,659
0,600
0,572
0,542
0,546
5,582
36,511
44,551
33,528
29,570
30,511
23,545
18,583
26,574
29,502
29,413
16,531
15,578
2,595
0,571
16,628
19,536
36,496
42,608
31,544
22,553
16,529
13,434
16,560
7,547
42,541
32,531
29,551
14,583
8,527
5,535
0,549
2,528
0,525
0,571
0,573
3,549
2,533
6,533
7,506
16,557
31,564
30,590
19,553
30,528
26,539
22,559
33,557
20,552
39,550
48,595
63,534
69,622
57,622
51,624
77,654
61,576
80,591
84,633
78,632
75,592
64,656
62,656
58,647
48,621
32,607
15,669
21,608
26,662
27,563
39,615
33,615
19,585
64,601
76,612
91,582
84,579
62,555
49,571
48,540
46,591
34,546
43,567
31,593
44,540
36,586
48,607
36,547
21,576
16,555
9,556
9,538
21,563
16,509
21,588
16,533
17,527
16,560
6,554
1,542
0,553
1,527
0,550
0,527
0,528
0,511
0,538
0,511
0,528
0,524
0,553
0,511
0,544
0,529
0,560
0,526
0,560
0,530
0,559
0,208
0,158
0,115
0,80
0,57
0,30
0,15
0,0
0,3
0,0
0,0
0,0
0,0
0,0
0,0
0,0
0,0
0,0
0,25
0,48
0,65
0,70
0,109
0,112
0,141
0,130
0,161
0,163
0,185
0,162
0,172
0,174
0,182
0,185
0,191
0,166
0,189
0,181
0,208
0,221
0,253
0,288
16,279
20,301
19,317
64,378
55,381
53,374
56,375
38,407
40,376
51,397
49,451
49,392
50,464
43,459
40,425
31,464
19,450
23,443
22,465
23,462
7,489
3,533
6,507
17,528
21,583
16,547
48,581
58,558
37,549
43,526
37,592
45,560
61,555
82,563
106,550
126,541
112,547
92,528
111,563
155,503
189,528
218,525
288,557
258,545
226,549
345,543
288,532
261,526
243,511
283,502
272,479
240,487
219,479
240,432
205,445
190,446
176,489
176,431
128,443
118,445
80,435
82,419
80,413
64,366
65,426
71,363
65,396
66,400
80,375
71,383
13,388
77,377
48,369
48,356
62,352
64,351
47,384
52,340
40,369
39,325
13,371
20,334
16,373
63,346
0,368
0,342
68,368
67,325
51,425
46,402
20,419
36,433
60,473
93,447
58,528
45,484
43,416
64,499
0,476
18,563
9,555
0,526
63,575
123,494
57,550
0,511
20,551
64,571
49,551
75,531
73,500
155,478
111,484
102,426
25,465
73,417
59,374
37,432
27,400
15,404
11,369
22,401
38,400
30,336
44,386
48,355
48,372
45,362
39,384
30,390
31,382
16,384
11,417
22,365
1,408
0,352
0,384
0,351
0,391
0,358
0,383
0,357
0,347
0,370
0,384
0,372
0,400
0,369
0,386
0,384
0,393
0,371
0,391
0,384
0,406
0,370
0,397
0,383
0,465
0,488
0,476
0,492
0,464
0,481
0,464
0,486
0,464
0,467
0,460
0,480
0,465
0,479
0,461
0,476
0,459
0,479
0,457
0,478
0,455
0,481
0,450
0,487
0,470
0,479
0,454
0,480
0,458
0,472
0,450
0,474
0,458
0,483
0,467
0,495
0,471
0,479
0,537
0,488
0,494
0,496
0,496
0,496
0,464
2,483
1,474
7,480
13,475
0,464
0,497
0,465
6,431
24,495
64,453
61,511
64,464
79,494
54,329
52,523
32,560
43,559
69,541
85,594
104,555
85,546
93,577
90,549
117,530
82,549
59,549
48,624
37,550
31,654
48,642
30,651
67,640
68,663
81,639
73,624
60,634
58,598
49,633
32,606
30,583
30,611
35,613
41,673
49,637
55,645
58,585
48,599
48,628
34,591
21,545
14,603
29,582
37,565
45,528
43,570
34,558
41,530
25,547
16,527
0,511
16,511
19,528
16,522
15,526
6,537
23,469
48,577
74,495
64,543
97,547
66,527
53,571
54,511
60,593
43,548
51,555
42,656
42,553
64,612
99,576
98,631
103,629
84,553
80,585
59,539
33,521
34,531
59,539
59,493
57,498
58,527
63,490
64,464
48,499
30,509
20,494
32,511
21,464
18,503
16,495
11,498
18,468
9,500
0,464
0,491
0,462
0,485
0,497
0,503
0,487
0,498
0,498
0,502
0,482
0,501
0,511
0,530
0,487
0,511
0,502
0,540
0,503
0,544
0,499
0,527
0,506
0,543
0,511
0,545
0,498
0,525
0,528
0,543
0,528
0,542
0,525
0,538
0,511
0,562
0,511
0,538
0,527
0,546
0,541
0,531
0,528
0,550
0,530
0,546
0,538
0,553
0,528
0,557
0,532
0,545
0,511
0,503
0,534
0,507
0,534
0,511
0,535
0,525
0,539
0,510
0,541
0,537
0,546
0,529
0,546
0,540
0,554
0,528
0,539
0,529
0,544
0,535
0,557
0,549
0,576
0,574
0,585
0,565
0,615
0,576
0,610
31,581
62,583
65,576
36,593
132,597
156,631
151,598
125,632
107,592
84,621
100,594
47,605
35,575
18,607
16,633
51,622
55,656
112,643
80,629
64,626
64,566
87,602
43,621
114,656
133,604
110,624
126,622
121,615
111,615
80,606
83,502
110,634
79,592
67,592
59,619
58,599
61,673
83,638
78,563
59,593
75,629
82,626
80,597
68,542
64,617
67,618
50,596
54,624
54,666
67,608
48,615
35,722
30,642
36,705
45,655
49,697
52,656
48,625
42,625
77,666
70,609
60,639
53,688
53,615
51,637
46,654
19,591
0,656
31,589
32,611
22,562
90,560
11,543
43,566
25,560
30,571
99,566
16,580
16,529
0,569
15,530
0,560
45,561
6,570
0,534
66,547
0,542
0,591
0,530
0,598
12,547
7,720
1,714
14,640
44,726
55,653
106,705
107,735
107,784
90,771
64,667
62,727
50,654
42,796
29,805
21,814
18,743
7,735
6,689
30,661
42,656
39,656
43,624
39,630
31,655
19,686
37,655
47,674
29,686
20,656
5,619
11,604
5,609
0,599
2,599
7,580
11,557
32,578
48,570
48,583
25,596
20,553
16,530
13,560
11,560
0,545
1,560
0,527
0,525
0,548
0,506
0,511
0,560
0,464
0,537
3,511
16,509
38,489
34,544
21,491
19,533
32,497
19,528
3,475
0,551
16,491
3,527
2,506
3,497
0,493
0,522
0,487
0,525
0,511
0,508
0,485
0,525
0,464
0,542
0,509
0,497
0,511
0,529
0,502
0,507
0,511
0,528
0,498
0,480
0,509
0,506
0,502
0,509
0,506
0,569
0,529
0,510
0,522
0,496
0,511
0,454
0,533
0,496
0,541
0,511
0,508
0,527
0,526
0,511
0,537
0,510
0,487
0,507
19,511
37,511
80,490
78,524
97,487
154,533
189,505
159,527
128,485
126,511
125,475
111,477
91,603
91,550
92,528
123,640
114,580
114,590
96,592
85,578
81,546
83,595
93,656
102,534
80,577
85,634
94,663
78,575
80,601
92,607
83,531
91,546
80,544
145,550
208,547
197,576
179,589
173,528
128,713
112,554
105,612
91,557
72,590
60,580
47,582
49,560
99,557
112,594
108,629
130,582
147,620
147,645
116,603
128,684
133,613
158,634
179,560
201,610
183,636
171,611
156,625
125,571
142,619
122,615
150,621
176,627
291,622
256,546
224,614
175,556
190,593
187,571
207,555
199,560
190,593
183,576
144,576
144,559
145,560
145,627
146,560
162,617
176,567
171,592
155,624
143,578
112,581
102,603
99,578
67,573
83,557
66,539
48,558
38,592
36,508
51,577
92,547
103,511
112,592
96,510
65,528
75,573
115,486
133,475
113,503
121,550
113,546
127,478
117,555
82,510
111,542
103,528
87,580
98,525
127,546
176,536
175,530
161,560
144,605
119,532
112,593
103,528
105,630
91,585
102,625
77,575
65,566
80,509
64,560
66,528
62,511
38,501
49,530
62,481
61,475
53,490
41,556
59,496
71,529
109,470
101,498
85,480
71,494
55,452
40,471
26,453
23,491
48,438
41,449
26,443
29,459
16,443
19,450
33,414
16,458
11,434
16,476
10,435
10,485
7,451
6,495
15,463
6,479
1,464
0,482
0,460
0,453
0,495
0,456
0,479
0,451
0,493
0,458
0,475
0,464
0,475
0,462
0,484
0,455
0,477
0,465
0,500
0,446
0,480
0,455
0,483
0,449
0,467
0,459
0,474
0,453
0,473
0,463
0,475
0,465
0,482
0,464
16,483
21,455
26,475
75,467
15,499
15,457
22,495
27,454
28,489
18,475
44,494
61,443
19,502
40,451
18,492
19,457
4,469
16,497
9,469
16,477
7,465
10,461
19,503
28,418
50,467
50,479
48,496
67,469
75,495
61,461
98,464
0,432
118,523
95,464
15,526
45,475
53,560
130,542
0,497
52,466
81,529
120,533
64,510
0,495
41,531
48,478
55,529
42,481
75,528
70,528
68,501
99,496
106,494
102,511
123,457
157,471
109,485
116,454
90,496
80,452
51,528
64,462
60,483
48,493
31,453
39,424
51,431
50,401
37,399
35,391
21,429
26,399
19,397
15,384
16,415
9,385
12,393
2,420
0,400
0,427
0,404
0,461
2,403
26,398
45,404
32,400
29,407
26,368
35,447
16,403
22,484
17,425
20,445
25,432
25,481
19,463
19,477
20,464
13,511
8,485
4,496
14,482
2,471
0,459
0,479
0,495
0,494
0,523
0,479
3,509
11,398
11,581
0,509
0,541
15,511
15,505
16,496
16,503
9,509
5,496
1,523
0,526
16,487
19,497
22,482
9,530
27,511
47,498
32,469
37,495
43,495
33,533
19,470
43,479
41,511
48,469
41,491
50,528
44,469
29,502
5,487
16,482
51,578
48,465
33,469
25,490
9,494
12,511
1,511
29,496
30,511
12,511
21,497
16,496
12,499
2,485
23,481
16,460
25,496
27,562
55,529
48,474
49,543
54,465
37,532
37,556
42,528
55,566
50,576
0,448
0,454
0,442
0,453
0,456
0,461
0,453
0,463
0,455
0,463
0,454
0,466
0,461
0,465
0,455
0,464
0,462
0,474
0,456
0,475
0,459
0,476
0,463
0,474
0,462
0,466
0,461
0,470
0,463
0,470
0,452
0,477
0,466
29,482
41,447
32,490
13,486
32,501
64,491
97,560
128,487
112,495
118,463
151,432
147,465
143,449
125,497
92,528
126,497
101,522
115,466
98,479
80,432
60,447
55,444
82,449
69,467
63,458
64,471
43,492
49,478
41,575
48,501
50,533
64,548
100,511
126,636
131,528
99,592
80,593
81,603
155,685
165,694
139,689
160,741
144,717
143,736
139,692
143,747
126,653
127,626
94,643
93,582
69,629
57,560
66,607
64,545
53,564
68,511
77,560
48,562
85,534
77,585
53,539
80,541
125,608
146,531
129,565
112,577
101,542
82,526
51,561
110,528
113,561
85,498
75,558
70,532
73,547
63,546
64,589
109,544
180,576
187,535
161,577
181,573
169,578
173,573
167,585
147,581
205,575
260,525
298,531
306,507
271,608
229,604
231,647
245,659
203,720
175,635
208,643
211,635
254,635
208,643
155,635
169,629
147,656
150,573
165,619
170,575
138,639
113,529
103,617
80,528
85,597
107,555
119,628
97,550
86,560
76,528
64,569
48,487
59,603
71,549
53,546
42,564
35,556
79,543
74,526
45,510
65,571
67,538
37,550
43,496
29,581
48,528
27,532
11,510
18,551
43,506
44,547
48,533
49,560
61,541
16,538
25,535
0,546
0,527
4,544
0,521
0,555
0,527
10,537
3,528
6,544
6,511
0,555
0,511
0,538
0,525
0,528
0,500
0,535
0,511
0,541
0,511
0,543
0,495
0,555
0,528
0,562
0,525
0,495
0,511
0,493
0,510
0,492
0,509
0,493
0,510
0,494
0,511
0,490
0,510
0,495
0,525
0,489
0,509
0,496
0,506
0,494
0,506
0,493
0,511
0,494
0,507
0,501
0,511
0,495
0,507
0,485
0,511
0,494
0,508
0,493
0,509
0,499
0,503
0,474
0,496
0,477
0,509
0,475
7,534
13,486
28,544
39,507
33,486
41,481
86,496
85,465
80,511
75,464
66,479
42,503
49,469
53,433
41,464
76,496
97,474
113,465
106,555
124,511
109,558
110,592
127,527
112,528
233,539
253,503
251,560
245,499
253,561
210,541
252,535
244,530
337,624
315,624
260,603
304,624
275,623
285,681
325,643
304,615
315,597
306,593
274,624
279,573
234,615
284,667
361,611
311,598
259,618
307,643
267,610
276,603
285,615
368,601
301,613
240,575
277,622
291,556
256,572
304,559
346,551
298,528
240,568
255,531
264,549
240,525
245,544
212,548
186,502
187,528
173,530
122,490
115,510
124,558
139,506
126,491
124,566
113,505
87,526
113,530
117,534
107,560
112,498
94,544
112,579
123,503
123,565
129,560
111,603
77,566
69,585
51,557
60,529
71,615
74,579
59,642
70,615
54,610
48,583
37,590
43,625
74,642
73,619
49,655
57,624
64,576
80,592
103,599
80,549
80,577
73,560
49,567
47,565
50,553
45,551
28,554
31,569
34,572
48,531
47,555
30,545
30,539
16,538
23,533
39,529
23,511
16,511
0,511
0,528
0,511
0,497
0,524
0,524
0,511
7,530
0,543
0,545
0,530
0,537
0,534
0,531
0,548
0,544
0,524
0,543
0,531
0,522
0,511
0,506
0,547
7,527
0,510
0,528
0,542
0,528
0,543
0,530
0,538
0,637
0,631
0,636
0,624
0,635
0,634
0,631
0,625
0,633
0,637
0,636
0,624
0,635
0,625
0,626
0,623
0,626
0,622
0,626
0,611
0,625
0,615
0,617
0,604
0,613
0,610
0,628
81,612
60,607
145,593
100,623
54,571
45,594
0,560
41,629
61,592
0,574
188,587
0,554
71,554
55,578
65,510
162,533
117,549
81,551
71,497
70,523
95,557
99,564
157,559
70,560
112,537
128,576
137,549
267,566
256,560
217,577
182,560
179,595
164,572
176,650
175,611
194,597
226,587
196,592
207,646
233,596
215,602
174,594
207,578
189,621
162,641
151,624
142,648
210,638
189,688
153,652
134,611
135,624
118,554
91,653
97,592
98,625
110,582
124,607
105,611
105,576
95,570
80,585
94,543
111,580
106,441
110,467
128,594
97,628
83,590
115,689
98,560
96,626
80,498
66,655
60,560
42,555
48,596
48,576
48,623
46,592
41,661
21,627
25,581
16,605
8,579
8,612
1,596
2,627
15,572
0,579
0,575
0,594
0,560
0,651
2,549
0,613
0,589
0,592
3,570
0,596
0,581
0,608
0,562
0,601
0,556
0,595
0,562
0,575
2,542
7,592
13,552
4,577
16,587
3,575
46,557
48,562
86,581
103,545
106,575
95,561
98,576
73,558
48,560
42,567
46,607
39,508
39,563
47,532
32,522
26,598
33,538
29,562
25,510
13,537
16,576
32,545
25,545
19,539
16,505
13,544
51,582
82,540
110,548
101,592
95,564
106,592
99,563
94,547
131,560
220,635
235,626
239,659
215,671
207,635
214,624
180,647
163,582
162,620
143,550
125,592
128,550
107,562
92,544
64,555
52,511
30,543
16,528
7,543
16,511
6,528
1,499
0,535
0,522
0,469
0,480
0,466
0,483
0,455
0,482
0,451
0,483
0,454
0,477
0,460
0,480
0,451
0,478
0,453
0,473
0,454
0,466
0,449
0,469
0,448
0,471
0,457
0,463
0,446
0,464
0,448
0,464
0,462
0,475
0,464
0,469
0,459
0,464
0,451
0,480
11,486
19,496
45,570
144,586
17,528
28,624
38,574
33,559
34,593
50,587
47,566
48,677
47,646
41,659
25,618
25,656
19,641
30,616
49,603
32,622
29,602
48,615
28,565
53,554
53,559
54,619
59,638
48,656
28,649
27,597
43,579
45,578
38,567
48,575
47,540
89,560
76,537
64,578
48,549
49,547
35,546
33,571
27,545
34,580
37,544
32,597
37,631
20,609
29,592
29,552
30,546
40,576
64,510
55,527
64,507
50,525
46,498
36,550
17,495
26,491
14,501
13,547
11,496
2,495
17,484
16,528
23,532
7,495
10,496
4,505
64,524
73,528
91,533
69,525
56,511
55,529
37,543
51,559
27,526
49,510
35,571
48,535
37,609
21,530
25,597
3,562
1,624
1,587
0,603
0,617
0,624
0,583
0,622
0,640
0,624
0,579
0,592
0,609
0,564
0,582
0,576
0,604
0,543
0,560
0,549
0,555
0,555
0,596
0,569
0,538
0,530
0,491
11,507
22,474
23,466
43,511
34,457
16,435
46,528
71,455
111,491
97,482
112,465
114,450
96,509
82,528
45,496
78,574
89,539
131,571
70,598
72,559
55,608
61,591
87,567
36,604
0,539
119,577
107,544
301,563
108,545
15,573
125,541
32,558
25,505
16,544
16,560
30,561
23,555
12,496
0,528
4,577
19,525
0,549
0,534
0,503
0,526
0,530
0,544
0,498
0,540
0,503
0,533
0,528
0,502
0,527
0,510
0,521
0,508
0,526
0,448
0,544
0,509
0,528
0,567
0,510
0,487
0,509
0,511
0,465
0,503
0,525
0,470
0,503
0,524
0,435
0,477
1,521
14,529
15,460
5,511
6,511
34,535
87,501
80,528
82,551
55,486
63,528
80,500
68,496
49,499
34,481
49,477
53,465
50,492
45,478
43,448
45,489
35,505
29,486
19,494
28,499
20,499
22,486
48,487
65,459
50,459
59,490
48,493
47,439
47,464
34,526
34,502
30,531
16,541
23,542
42,502
41,534
51,495
35,556
23,500
25,549
16,524
16,543
19,570
15,563
35,559
59,554
54,549
48,525
36,553
41,555
58,506
53,557
49,569
57,563
64,562
61,563
48,481
31,560
15,464
22,542
31,493
27,582
33,469
45,543
21,546
18,527
22,475
23,495
39,477
31,501
45,449
26,529
27,478
33,523
17,496
22,511
26,472
16,506
32,475
23,496
16,469
11,511
6,471
1,475
0,480
0,496
1,467
0,487
0,468
0,528
0,443
0,479
0,452
0,483
0,461
0,464
0,464
0,466
0,447
0,461
0,431
0,451
6,442
7,448
16,435
15,474
16,452
3,449
0,411
0,464
5,433
10,465
17,461
35,453
49,418
58,483
48,422
49,464
86,445
76,435
58,481
46,464
54,466
29,470
37,482
46,511
35,449
44,528
48,495
48,457
33,486
38,470
32,484
38,454
26,481
29,473
51,484
47,464
54,455
48,450
53,473
46,467
46,437
32,477
33,442
16,448
21,461
18,455
19,449
8,464
1,437
2,466
0,452
16,471
32,425
33,481
26,442
39,474
32,436
26,482
18,449
3,451
14,431
0,453
0,449
0,467
0,459
0,455
0,442
0,470
0,436
0,463
0,423
0,415
0,433
0,427
0,429
0,416
0,432
0,419
0,432
0,418
0,432
0,418
0,429
0,421
0,430
0,411
0,421
0,416
0,442
0,417
0,415
0,419
0,433
0,405
0,427
0,425
0,407
0,432
1,432
21,415
22,434
16,418
31,428
22,464
16,418
45,420
55,389
66,434
42,411
64,378
77,443
85,447
106,386
101,400
84,423
98,400
62,410
67,383
60,397
62,370
86,405
112,403
155,410
199,434
183,418
246,426
270,427
260,426
250,485
246,427
245,465
243,462
272,447
307,489
339,469
345,445
295,457
249,495
271,439
254,477
256,458
213,439
240,467
218,440
181,432
182,437
151,439
228,446
240,403
214,448
206,414
153,400
137,419
253,423
213,440
279,410
128,402
128,417
144,426
279,430
225,430
272,405
286,431
243,423
290,402
239,405
368,400
416,443
388,409
407,415
353,400
426,452
448,429
384,416
401,427
358,442
352,417
283,457
270,441
257,464
242,403
219,464
211,423
237,426
261,422
242,448
267,458
250,459
263,445
247,440
241,430
245,506
223,466
208,463
204,478
201,469
205,498
210,532
219,524
260,455
219,553
255,530
209,459
208,499
187,511
198,485
208,538
262,470
225,453
192,474
176,511
147,484
178,594
163,511
151,536
117,503
118,501
141,595
150,539
160,583
147,511
122,560
106,503
101,486
110,458
88,479
102,491
86,511
79,439
65,463
97,420
109,476
112,483
113,438
93,443
89,479
118,411
105,478
111,415
154,463
218,419
270,423
273,404
242,419
213,405
240,402
218,378
207,400
188,398
163,397
141,386
129,407
117,400
83,441
74,400
53,421
34,403
13,452
0,411
0,441
0,411
0,432
0,422
0,440
0,416
0,439
0,411
0,432
0,400
0,432
