timestamp_ms,wire1_pin34,wire2_pin32
13657,0,0
13667,0,0
13677,0,0
13687,0,0
13697,0,0
13707,0,0
13717,0,0
13727,0,0
13737,0,0
13747,0,0
13757,0,0
13767,0,0
13777,0,0
13787,0,0
13797,0,0
13807,0,0
13817,0,0
13827,0,0
13837,0,0
13847,0,0
13857,0,0
13867,0,0
13877,0,0
13887,0,0
13897,0,0
13907,0,0
13917,0,0
13927,0,0
13937,0,0
13947,0,0
13957,0,0
13967,0,0
13977,0,0
13987,0,0
13997,0,0
14007,0,0
14017,0,0
14027,0,0
14037,0,0
14047,0,0
14057,0,0
14067,0,0
14077,0,0
14087,0,21
14097,0,35
14107,0,30
14117,0,16
14127,0,10
14137,0,8
14147,0,31
14157,0,35
14167,0,38
14177,0,31
14187,0,29
14197,0,36
14207,0,31
14217,0,29
14227,0,37
14237,0,48
14247,0,63
14257,0,78
14267,0,89
14277,0,105
14287,0,96
14297,0,112
14307,0,119
14317,0,117
14327,0,99
14337,0,83
14347,0,93
14357,0,97
14367,0,110
14377,0,70
14387,0,91
14397,0,84
14407,0,98
14417,0,117
14427,0,176
14437,0,341
14447,0,465
14457,111,537
14467,190,460
14477,153,385
14487,108,348
14497,64,272
14507,304,262
14517,333,228
14527,278,221
14537,208,164
14547,145,159
14557,103,144
14567,55,112
14577,27,96
14587,5,80
14597,0,80
14607,0,65
14617,0,71
14627,0,48
14637,0,66
14647,0,53
14657,0,68
14667,0,78
14677,0,64
14687,0,76
14697,0,150
14707,0,256
14717,0,235
14727,237,427
14737,793,432
14747,718,431
14757,581,399
14767,1581,422
14777,3929,370
14787,3943,320
14797,3937,304
14807,3931,273
14817,3931,272
14827,3938,253
14837,3947,225
14847,3938,214
14857,3926,172
14867,3690,144
14877,2861,129
14887,2282,156
14897,1814,134
14907,1422,110
14917,1230,79
14927,2466,59
14937,3648,39
14947,3934,16
14957,3927,6
14967,3936,0
14977,3927,0
14987,3925,0
14997,3221,0
15007,3799,0
15017,3941,0
15027,3943,0
15037,3930,0
15047,3937,0
15057,3939,0
15067,3939,0
15077,3933,0
15087,3875,0
15097,3931,0
15107,3936,0
15117,3933,0
15127,3939,0
15137,3940,0
15147,3935,0
15157,3935,0
15167,3933,0
15177,3935,0
15187,3926,0
15197,3782,0
15207,2917,0
15217,2322,0
15227,1846,0
15237,1447,0
15247,1133,0
15257,871,0
15267,675,0
15277,526,0
15287,391,0
15297,293,0
15307,215,0
15317,150,0
15327,110,0
15337,66,0
15347,35,0
15357,7,0
15367,0,0
15377,0,0
15387,0,0
15397,0,0
15407,0,0
15417,0,0
15427,0,0
15437,0,0
15447,0,0
15457,0,0
15467,0,0
15477,0,0
15487,0,0
15497,0,0
15507,0,0
15517,0,0
15527,0,0
15537,0,0
15547,0,0
15557,0,0
15567,0,0
15577,0,0
15587,0,0
15597,0,0
15607,0,0
15617,0,0
15627,0,0
15637,0,0
15647,0,0
20156,0,0
20166,0,0
20176,0,0
20186,0,0
20196,0,0
20206,0,0
20216,0,0
20226,0,0
20236,0,0
20246,0,0
20256,0,0
20266,0,0
20276,0,0
20286,0,12
20296,0,0
20306,0,0
20316,0,0
20326,0,0
20336,0,0
20346,0,0
20356,0,0
20366,0,0
20376,0,0
20386,0,0
20396,0,0
20406,0,0
20416,0,0
20426,0,0
20436,0,0
20446,0,0
20456,0,0
20466,0,0
20476,0,0
20486,0,0
20496,0,0
20506,0,0
20516,0,0
20526,0,0
20536,0,0
20546,0,0
20556,0,0
20566,0,0
20576,0,0
20586,0,7
20596,0,30
20606,0,95
20616,0,94
20626,0,135
20636,0,160
20646,0,142
20656,0,140
20666,0,142
20676,0,123
20686,0,107
20696,0,117
20706,0,169
20716,0,149
20726,0,118
20736,0,108
20746,0,105
20756,0,83
20766,0,86
20776,0,64
20786,0,48
20796,0,45
20806,0,48
20816,0,31
20826,0,25
20836,0,22
20846,0,36
20856,0,19
20866,0,22
20876,0,12
20886,0,15
20896,0,19
20906,0,14
20916,0,1
20926,0,0
20936,0,0
20946,0,0
20956,0,0
20966,0,0
20976,0,16
20986,0,7
20996,0,32
21006,0,19
21016,0,16
21026,0,0
21036,0,0
21046,0,0
21056,0,0
21066,0,0
21076,0,0
21086,0,0
21096,0,0
21106,0,0
21116,0,0
21126,0,0
21136,0,0
21146,0,0
21156,0,0
21166,0,0
21176,0,0
21186,0,0
21196,0,0
21206,0,0
21216,30,0
21226,48,0
21236,33,0
21246,20,0
21256,0,0
21266,0,58
21276,1039,144
21286,1298,219
21296,2231,293
21306,3946,240
21316,3927,753
21326,3936,818
21336,3926,796
21346,3931,854
21356,3935,843
21366,3945,874
21376,3938,1023
21386,3829,1082
21396,3925,1040
21406,3935,1097
21416,3936,994
21426,3932,880
21436,3942,1011
21446,3943,1139
21456,3941,1082
21466,3939,1127
21476,3939,1037
21486,3938,845
21496,3936,963
21506,3943,946
21516,3925,866
21526,3941,897
21536,3941,830
21546,3941,688
21556,3938,667
21566,3568,902
21576,2793,826
21586,2227,868
21596,1771,817
21606,1389,700
21616,1082,676
21626,832,614
21636,645,506
21646,490,373
21656,370,366
21666,274,299
21676,196,236
21686,145,179
21696,94,138
21706,1397,108
21716,3939,78
21726,3939,54
21736,3932,30
21746,3939,17
21756,3941,0
21766,3950,0
21776,3931,0
21786,3923,0
21796,3941,0
21806,3935,0
21816,3935,0
21826,3935,0
21836,3929,0
21846,3941,0
21856,3938,0
21866,3934,0
21876,3928,0
21886,3125,0
21896,2483,0
21906,1985,0
21916,1563,0
21926,1221,0
21936,945,0
21946,730,0
21956,617,0
21966,497,0
21976,384,0
21986,289,0
21996,208,0
22006,146,0
22016,98,0
22026,61,0
22036,33,0
22046,5,0
22056,0,0
22066,0,0
22076,0,0
22086,0,0
22096,0,0
22106,0,0
22116,0,0
22126,0,0
22136,0,0
22146,0,0
26655,0,0
26665,0,0
26675,0,0
26685,0,0
26695,0,0
26705,0,0
26715,0,0
26725,0,0
26735,0,0
26745,0,0
26755,0,0
26765,0,0
26775,0,0
26785,0,0
26795,0,0
26805,0,0
26815,0,0
26825,0,0
26835,0,0
26845,0,0
26855,0,0
26865,0,0
26875,0,1
26885,0,6
26895,0,3
26905,0,21
26915,0,32
26925,0,21
26935,0,17
26945,0,42
26955,0,49
26965,0,47
26975,0,38
26985,0,41
26995,0,45
27005,0,38
27015,0,33
27025,0,18
27035,0,23
27045,0,16
27055,0,24
27065,0,63
27075,0,58
27085,0,55
27095,0,58
27105,0,55
27115,0,55
27125,0,65
27135,0,47
27145,0,48
27155,0,48
27165,0,33
27175,0,16
27185,0,9
27195,0,16
27205,0,10
27215,0,16
27225,0,13
27235,0,1
27245,0,0
27255,0,0
27265,0,0
27275,0,0
27285,0,0
27295,0,0
27305,0,14
27315,0,11
27325,0,0
27335,0,0
27345,0,0
27355,0,0
27365,0,0
27375,0,0
27385,0,0
27395,0,0
27405,0,0
27415,0,6
27425,0,0
27435,0,0
27445,0,0
27455,0,0
27465,0,0
27475,0,0
27485,0,0
27495,0,0
27505,0,0
27515,0,0
27525,0,0
27535,0,0
27545,0,0
27555,0,0
27565,0,0
27575,0,0
27585,0,0
27595,0,0
27605,0,0
27615,0,0
27625,0,0
27635,0,0
27645,0,0
27655,0,0
27665,25,0
27675,262,0
27685,241,26
27695,848,82
27705,855,109
27715,702,134
27725,549,170
27735,412,171
27745,312,138
27755,224,143
27765,1456,215
27775,1687,304
27785,3939,313
27795,3937,289
27805,3937,256
27815,3943,291
27825,3923,263
27835,3938,272
27845,3935,381
27855,3449,383
27865,2713,382
27875,2174,365
27885,1717,448
27895,2234,395
27905,3939,316
27915,3941,442
27925,3924,449
27935,3120,461
27945,2483,423
27955,1980,546
27965,1557,528
27975,1216,448
27985,945,433
27995,727,398
28005,575,397
28015,431,368
28025,320,302
28035,240,301
28045,170,249
28055,117,208
28065,79,225
28075,39,178
28085,11,163
28095,0,197
28105,0,162
28115,0,128
28125,0,102
28135,2379,78
28145,3945,46
28155,3946,26
28165,3942,13
28175,3935,0
28185,3945,0
28195,3942,0
28205,3936,0
28215,3936,0
28225,3940,0
28235,3938,0
28245,3934,0
28255,3941,0
28265,3937,0
28275,3941,0
28285,3936,0
28295,3940,0
28305,3924,0
28315,3250,0
28325,2559,0
28335,2054,0
28345,1622,0
28355,1264,0
28365,980,0
28375,791,0
28385,579,0
28395,448,0
28405,338,0
28415,266,0
28425,185,0
28435,128,0
28445,79,0
28455,5,0
28465,19,0
28475,0,0
28485,0,0
28495,0,0
28505,0,0
28515,0,0
28525,0,0
28535,0,0
28545,0,0
28555,0,0
28565,0,0
28575,0,0
28585,0,0
28595,0,0
28605,0,0
28615,0,0
28625,0,0
28635,0,0
28645,0,0
33154,0,51
33164,0,49
33174,0,49
33184,0,80
33194,0,48
33204,0,70
33214,0,74
33224,0,74
33234,0,69
33244,0,64
33254,0,60
33264,0,38
33274,0,43
33284,0,41
33294,0,35
33304,0,23
33314,0,19
33324,0,49
33334,0,39
33344,0,21
33354,0,33
33364,0,47
33374,0,79
33384,0,89
33394,0,80
33404,0,97
33414,0,104
33424,0,84
33434,0,54
33444,0,59
33454,0,64
33464,0,69
33474,0,53
33484,0,52
33494,0,48
33504,0,31
33514,0,26
33524,0,19
33534,0,18
33544,0,42
33554,0,39
33564,0,23
33574,0,16
33584,0,13
33594,0,5
33604,0,5
33614,0,0
33624,0,0
33634,0,7
33644,0,0
33654,0,0
33664,0,0
33674,0,0
33684,0,0
33694,0,0
33704,0,0
33714,0,0
33724,0,0
33734,0,0
33744,0,0
33754,0,0
33764,0,70
33774,0,67
33784,0,85
33794,0,189
33804,0,189
33814,0,155
33824,0,345
33834,0,496
33844,0,467
33854,187,499
33864,803,571
33874,754,599
33884,605,641
33894,464,639
33904,354,650
33914,260,642
33924,191,646
33934,133,621
33944,83,597
33954,50,592
33964,16,624
33974,2294,640
33984,3926,607
33994,3938,730
34004,3952,737
34014,3931,689
34024,3131,583
34034,2493,574
34044,1984,769
34054,1566,917
34064,1374,844
34074,1134,757
34084,895,955
34094,688,911
34104,526,980
34114,403,907
34124,301,813
34134,226,730
34144,146,903
34154,103,892
34164,58,862
34174,26,801
34184,7,751
34194,0,753
34204,0,688
34214,0,753
34224,0,688
34234,0,614
34244,2125,563
34254,3937,523
34264,3951,400
34274,3937,320
34284,3941,285
34294,3935,226
34304,3927,167
34314,3941,131
34324,3942,110
34334,3934,79
34344,3934,48
34354,3945,23
34364,3931,12
34374,3938,0
34384,3944,0
34394,3938,0
34404,3937,0
34414,3932,0
34424,3941,0
34434,3933,0
34444,3927,0
34454,3935,0
34464,3938,0
34474,3947,16
34484,3937,0
34494,3935,0
34504,3845,0
34514,2949,0
34524,2352,0
34534,1867,0
34544,1469,0
34554,1150,0
34564,887,0
34574,688,0
34584,528,0
34594,394,0
34604,302,0
34614,218,0
34624,162,0
34634,108,0
34644,64,0
34654,38,0
34664,9,0
34674,0,0
34684,0,0
34694,0,0
34704,0,0
34714,0,0
34724,0,0
34734,0,0
34744,0,0
34754,0,0
34764,0,0
34774,0,0
34784,0,0
34794,0,0
34804,0,0
34814,0,0
34824,0,0
34834,0,0
34844,0,0
34854,0,0
34864,0,0
34874,0,0
34884,0,0
34894,0,0
34904,0,0
34914,0,0
34924,0,0
34934,0,0
34944,0,0
34954,0,0
34964,0,0
34974,0,0
34984,0,0
34994,0,0
35004,0,0
35014,0,0
35024,0,0
35034,0,0
35044,0,0
35054,0,0
35064,0,0
35074,0,0
35084,0,0
35094,0,0
35104,0,0
35114,0,0
35124,0,0
35134,0,0
35144,0,0
39653,0,0
39663,0,0
39673,0,0
39683,0,0
39693,0,0
39703,0,0
39713,0,0
39723,0,0
39733,0,0
39743,0,0
39753,0,0
39763,0,0
39773,0,0
39783,0,0
39793,0,0
39803,0,0
39813,0,0
39823,0,0
39833,0,0
39843,0,0
39853,0,0
39863,0,0
39873,0,0
39883,0,0
39893,0,0
39903,0,0
39913,0,0
39923,0,0
39933,0,0
39943,0,0
39953,0,0
39963,0,0
39973,0,0
39983,0,0
39993,0,0
40003,0,0
40013,0,0
40023,0,1
40033,0,13
40043,0,1
40053,0,0
40063,0,0
40073,0,7
40083,0,2
40093,0,80
40103,0,27
40113,0,61
40123,0,52
40133,0,64
40143,0,73
40153,0,60
40163,0,55
40173,0,48
40183,0,55
40193,0,29
40203,0,82
40213,0,70
40223,0,76
40233,0,81
40243,0,38
40253,0,0
40263,0,16
40273,0,21
40283,0,52
40293,0,22
40303,0,18
40313,0,18
40323,0,16
40333,0,16
40343,0,16
40353,0,10
40363,0,13
40373,0,10
40383,0,10
40393,0,21
40403,0,18
40413,0,7
40423,0,3
40433,0,0
40443,0,0
40453,0,0
40463,0,0
40473,0,0
40483,0,0
40493,0,0
40503,0,0
40513,0,0
40523,0,0
40533,0,0
40543,0,0
40553,0,0
40563,0,0
40573,0,0
40583,0,0
40593,0,0
40603,0,0
40613,0,0
40623,0,0
40633,0,0
40643,0,0
40653,0,0
40663,0,0
40673,0,0
40683,0,0
40693,0,0
40703,0,0
40713,0,22
40723,0,34
40733,0,25
40743,0,26
40753,0,47
40763,0,99
40773,0,130
40783,310,371
40793,321,355
40803,489,353
40813,483,435
40823,384,441
40833,289,433
40843,435,441
40853,509,533
40863,425,537
40873,320,454
40883,238,886
40893,176,855
40903,121,846
40913,73,749
40923,46,973
40933,160,983
40943,2154,1173
40953,2234,1328
40963,1870,1597
40973,1486,1430
40983,1161,1182
40993,899,1162
41003,703,1117
41013,539,944
41023,403,817
41033,858,854
41043,848,910
41053,702,753
41063,535,945
41073,402,804
41083,303,746
41093,219,834
41103,150,854
41113,112,745
41123,79,738
41133,39,771
41143,9,955
41153,0,992
41163,0,944
41173,0,818
41183,0,733
41193,0,843
41203,0,861
41213,0,712
41223,0,576
41233,0,498
41243,0,432
41253,0,350
41263,0,279
41273,0,209
41283,0,174
41293,1291,131
41303,2803,104
41313,4000,74
41323,3938,49
41333,3938,27
41343,3922,7
41353,3937,0
41363,3925,0
41373,3929,0
41383,3888,0
41393,3933,0
41403,3952,0
41413,3938,0
41423,3931,0
41433,3950,0
41443,3937,0
41453,3941,0
41463,3935,0
41473,3938,0
41483,3923,0
41493,3018,0
41503,2409,0
41513,1923,0
41523,1503,0
41533,1181,0
41543,912,0
41553,705,0
41563,542,0
41573,416,0
41583,307,0
41593,228,30
41603,160,0
41613,111,0
41623,68,0
41633,33,0
41643,5,0
46152,0,0
46162,0,0
46172,0,0
46182,0,0
46192,0,0
46202,0,0
46212,0,0
46222,0,0
46232,0,0
46242,0,0
46252,0,0
46262,0,0
46272,0,0
46282,0,0
46292,0,0
46302,0,0
46312,0,0
46322,0,0
46332,0,0
46342,0,0
46352,0,0
46362,0,0
46372,0,0
46382,0,0
46392,0,0
46402,0,0
46412,0,0
46422,0,0
46432,0,0
46442,0,0
46452,0,0
46462,0,0
46472,0,0
46482,0,0
46492,0,0
46502,0,0
46512,0,0
46522,0,0
46532,0,0
46542,0,0
46552,0,0
46562,0,0
46572,0,16
46582,0,32
46592,0,32
46602,0,23
46612,0,46
46622,0,46
46632,0,57
46642,0,45
46652,0,32
46662,0,31
46672,0,16
46682,0,14
46692,0,3
46702,0,0
46712,0,0
46722,0,0
46732,0,0
46742,0,0
46752,0,0
46762,0,0
46772,0,0
46782,0,0
46792,0,0
46802,0,0
46812,0,0
46822,0,0
46832,0,0
46842,0,0
46852,0,0
46862,0,0
46872,0,0
46882,0,0
46892,0,0
46902,0,0
46912,0,0
46922,0,0
46932,0,0
46942,0,0
46952,0,0
46962,0,0
46972,0,0
46982,0,0
46992,0,0
47002,0,0
47012,0,0
47022,0,0
47032,0,0
47042,0,0
47052,0,0
47062,0,0
47072,0,0
47082,0,0
47092,0,0
47102,0,0
47112,0,0
47122,0,0
47132,0,0
47142,0,0
47152,0,0
47162,0,0
47172,0,0
47182,0,0
47192,0,0
47202,0,0
47212,0,0
47222,0,0
47232,0,0
47242,0,0
47252,0,0
47262,0,37
47272,0,62
47282,0,197
47292,0,155
47302,0,176
47312,281,193
47322,308,183
47332,243,211
47342,176,243
47352,121,203
47362,80,263
47372,47,402
47382,16,458
47392,1263,508
47402,2697,501
47412,2545,463
47422,3935,533
47432,3933,554
47442,3935,530
47452,3933,806
47462,3597,851
47472,2814,765
47482,2241,757
47492,1782,893
47502,1392,911
47512,1093,845
47522,838,976
47532,646,1072
47542,495,998
47552,383,828
47562,278,750
47572,204,756
47582,144,704
47592,89,749
47602,55,865
47612,22,844
47622,1,759
47632,0,832
47642,0,870
47652,0,798
47662,0,720
47672,0,627
47682,0,720
47692,0,733
47702,48,649
47712,100,551
47722,71,437
47732,45,349
47742,253,288
47752,3925,240
47762,3936,227
47772,3937,170
47782,3937,139
47792,3937,141
47802,3932,112
47812,3934,79
47822,3933,67
47832,3936,42
47842,3935,20
47852,3934,14
47862,3920,0
47872,3931,0
47882,3937,0
47892,3933,0
47902,3938,0
47912,3936,0
47922,3952,0
47932,3938,0
47942,3931,0
47952,3937,0
47962,3938,0
47972,3941,0
47982,3936,0
47992,3920,0
48002,2990,0
48012,2386,0
48022,1904,0
48032,1485,0
48042,1158,0
48052,897,0
48062,691,0
48072,535,0
48082,406,0
48092,304,0
48102,223,0
48112,161,0
48122,107,0
48132,62,0
48142,44,0
52651,0,0
52661,0,0
52671,0,0
52681,0,0
52691,0,0
52701,0,0
52711,0,0
52721,0,0
52731,0,0
52741,0,0
52751,0,0
52761,0,0
52771,0,0
52781,0,0
52791,0,0
52801,0,0
52811,0,0
52821,0,0
52831,0,0
52841,0,0
52851,0,0
52861,0,0
52871,0,0
52881,0,0
52891,0,0
52901,0,0
52911,0,0
52921,0,0
52931,0,0
52941,0,0
52951,0,0
52961,0,0
52971,0,0
52981,0,0
52991,0,0
53001,0,42
53011,0,0
53021,0,0
53031,0,0
53041,0,80
53051,0,48
53061,0,51
53071,0,33
53081,0,32
53091,0,30
53101,0,44
53111,0,43
53121,0,43
53131,0,48
53141,0,35
53151,0,56
53161,0,36
53171,0,64
53181,0,76
53191,0,58
53201,0,43
53211,0,45
53221,0,54
53231,0,39
53241,0,31
53251,0,16
53261,0,9
53271,0,10
53281,0,1
53291,0,0
53301,0,0
53311,0,0
53321,0,0
53331,0,0
53341,0,0
53351,0,0
53361,0,0
53371,0,0
53381,0,0
53391,0,0
53401,0,0
53411,0,0
53421,0,0
53431,0,0
53441,0,0
53451,0,0
53461,0,0
53471,0,0
53481,0,0
53491,0,0
53501,0,0
53511,0,0
53521,0,0
53531,0,0
53541,0,0
53551,0,0
53561,0,0
53571,0,0
53581,0,0
53591,0,0
53601,0,0
53611,0,0
53621,0,0
53631,0,0
53641,0,0
53651,0,0
53661,0,0
53671,0,0
53681,0,0
53691,0,0
53701,0,0
53711,0,0
53721,0,0
53731,0,0
53741,0,0
53751,0,16
53761,0,176
53771,0,175
53781,0,380
53791,0,413
53801,0,456
53811,1270,556
53821,2290,709
53831,3806,656
53841,3775,606
53851,3071,509
53861,2478,527
53871,1984,543
53881,1558,560
53891,1210,481
53901,944,507
53911,722,474
53921,560,509
53931,1179,626
53941,1063,819
53951,809,858
53961,662,833
53971,497,749
53981,386,784
53991,242,1072
54001,208,1104
54011,161,1126
54021,89,1023
54031,58,1023
54041,5,1008
54051,61,937
54061,0,943
54071,0,855
54081,47,733
54091,0,797
54101,0,733
54111,0,775
54121,0,848
54131,0,828
54141,0,815
54151,0,730
54161,0,679
54171,2002,571
54181,3930,481
54191,3947,448
54201,3940,391
54211,3939,342
54221,3935,277
54231,3934,245
54241,3940,187
54251,3942,158
54261,3937,144
54271,3941,107
54281,3938,103
54291,3936,59
54301,3937,54
54311,3950,0
54321,3939,22
54331,3938,4
54341,3935,0
54351,3949,0
54361,3937,0
54371,3447,0
54381,2720,0
54391,2167,0
54401,1932,0
54411,3055,0
54421,2966,0
54431,2482,0
54441,2002,0
54451,1586,0
54461,1237,0
54471,3014,0
54481,3933,0
54491,3949,0
54501,3940,0
54511,3931,0
54521,3116,0
54531,3923,0
54541,3937,0
54551,3936,0
54561,3936,0
54571,3935,0
54581,3243,0
54591,2583,0
54601,2054,0
54611,1623,0
54621,1267,0
54631,981,0
54641,761,0
59150,0,0
59160,0,0
59170,0,0
59180,0,0
59190,0,0
59200,0,0
59210,0,0
59220,0,0
59230,0,0
59240,0,0
59250,0,0
59260,0,0
59270,0,0
59280,0,0
59290,0,0
59300,0,0
59310,0,0
59320,0,0
59330,0,0
59340,0,0
59350,0,0
59360,0,0
59370,0,0
59380,0,0
59390,0,0
59400,0,0
59410,0,0
59420,0,0
59430,0,0
59440,0,0
59450,0,0
59460,0,0
59470,0,0
59480,0,0
59490,0,0
59500,0,0
59510,0,0
59520,0,0
59530,0,23
59540,691,17
59550,738,15
59560,604,15
59570,464,35
59580,356,56
59590,261,61
59600,187,77
59610,143,101
59620,91,68
59630,52,57
59640,18,48
59650,0,43
59660,0,27
59670,0,37
59680,0,32
59690,0,34
59700,0,33
59710,0,34
59720,0,51
59730,0,51
59740,0,58
59750,0,57
59760,0,44
59770,0,35
59780,0,46
59790,0,48
59800,0,64
59810,0,54
59820,0,65
59830,0,66
59840,0,48
59850,0,34
59860,0,38
59870,0,43
59880,0,36
59890,0,39
59900,0,33
59910,0,16
59920,0,25
59930,0,15
59940,0,1
59950,0,0
59960,0,0
59970,0,0
59980,0,0
59990,0,0
60000,0,0
60010,0,0
60020,0,0
60030,0,0
60040,0,0
60050,0,0
60060,0,0
60070,0,0
60080,0,0
60090,0,35
60100,0,23
60110,0,14
60120,0,6
60130,0,0
60140,0,0
60150,0,9
60160,0,74
60170,0,194
60180,0,304
60190,0,365
60200,0,343
60210,0,335
60220,0,312
60230,0,506
60240,0,501
60250,0,511
60260,149,720
60270,251,747
60280,214,832
60290,157,939
60300,105,904
60310,479,819
60320,489,703
60330,391,770
60340,299,754
60350,222,723
60360,155,893
60370,107,906
60380,66,817
60390,33,1285
60400,9,1227
60410,0,1152
60420,0,1041
60430,0,894
60440,0,835
60450,0,872
60460,0,1170
60470,0,1095
60480,0,1136
60490,0,1045
60500,0,912
60510,0,976
60520,0,1105
60530,0,1141
60540,0,916
60550,0,881
60560,0,912
60570,0,911
60580,0,880
60590,0,846
60600,0,892
60610,0,847
60620,0,759
60630,0,721
60640,0,665
60650,0,641
60660,0,649
60670,0,511
60680,0,421
60690,0,389
60700,0,327
60710,0,271
60720,0,208
60730,0,146
60740,0,119
60750,0,115
60760,0,81
60770,0,55
60780,0,33
60790,0,17
60800,0,0
60810,475,0
60820,701,0
60830,942,0
60840,3935,0
60850,3934,0
60860,3941,0
60870,3927,0
60880,3938,0
60890,3936,0
60900,3931,0
60910,3935,0
60920,3197,0
60930,2539,0
60940,2025,0
60950,1597,0
60960,1236,0
60970,1050,0
60980,748,0
60990,581,0
61000,431,0
61010,321,0
61020,247,0
61030,182,0
61040,118,0
61050,73,0
61060,47,0
61070,16,0
61080,0,0
61090,0,0
61100,0,0
61110,0,0
61120,0,0
61130,0,0
61140,0,0
65649,0,0
65659,0,4
65669,0,0
65679,0,0
65689,0,0
65699,0,0
65709,0,0
65719,0,0
65729,0,0
65739,0,0
65749,0,0
65759,0,0
65769,0,0
65779,0,0
65789,0,0
65799,0,0
65809,0,0
65819,0,0
65829,0,0
65839,0,0
65849,0,0
65859,0,0
65869,0,0
65879,0,0
65889,0,0
65899,0,0
65909,0,0
65919,0,0
65929,0,0
65939,0,0
65949,0,0
65959,0,0
65969,0,0
65979,0,0
65989,0,0
65999,0,0
66009,0,0
66019,0,0
66029,0,0
66039,0,0
66049,0,0
66059,0,0
66069,0,0
66079,0,0
66089,0,0
66099,0,0
66109,0,0
66119,0,0
66129,0,1
66139,0,0
66149,0,0
66159,0,1
66169,0,22
66179,0,54
66189,0,42
66199,0,31
66209,0,19
66219,0,16
66229,0,55
66239,0,63
66249,0,73
66259,0,64
66269,0,61
66279,0,75
66289,0,61
66299,0,54
66309,0,57
66319,0,39
66329,0,34
66339,0,30
66349,0,43
66359,0,32
66369,0,34
66379,0,23
66389,0,20
66399,0,16
66409,0,25
66419,0,21
66429,0,11
66439,0,0
66449,0,0
66459,0,0
66469,0,0
66479,0,0
66489,0,4
66499,0,7
66509,0,7
66519,0,13
66529,0,4
66539,0,13
66549,0,16
66559,0,17
66569,0,4
66579,0,3
66589,0,0
66599,0,0
66609,0,0
66619,0,0
66629,0,0
66639,0,0
66649,0,0
66659,0,0
66669,0,0
66679,0,0
66689,0,0
66699,0,0
66709,0,0
66719,0,0
66729,0,0
66739,0,0
66749,0,0
66759,0,0
66769,0,0
66779,0,0
66789,0,0
66799,0,0
66809,0,0
66819,0,0
66829,0,0
66839,0,0
66849,0,0
66859,0,0
66869,0,0
66879,0,0
66889,0,0
66899,0,0
66909,0,0
66919,0,0
66929,0,23
66939,0,107
66949,0,151
66959,0,366
66969,1529,427
66979,1584,657
66989,1378,634
66999,1104,576
67009,862,618
67019,669,722
67029,511,765
67039,387,701
67049,291,781
67059,208,843
67069,146,849
67079,99,818
67089,59,834
67099,23,1040
67109,5,1008
67119,0,944
67129,0,944
67139,0,814
67149,0,970
67159,0,1063
67169,0,897
67179,0,834
67189,0,889
67199,0,880
67209,0,789
67219,0,705
67229,0,752
67239,0,752
67249,0,648
67259,0,511
67269,0,533
67279,0,577
67289,0,539
67299,0,431
67309,0,384
67319,0,345
67329,0,366
67339,0,304
67349,0,304
67359,0,299
67369,0,227
67379,0,194
67389,0,149
67399,0,125
67409,0,102
67419,0,80
67429,0,67
67439,0,52
67449,0,35
67459,0,23
67469,0,8
67479,0,0
67489,0,0
67499,0,0
67509,0,0
67519,0,0
67529,0,0
67539,0,0
67549,0,0
67559,0,0
67569,0,0
67579,0,0
67589,1731,0
67599,2626,0
67609,2627,0
67619,2219,0
67629,1780,0
67639,1402,0
72148,0,22
72158,0,0
72168,0,0
72178,0,0
72188,0,0
72198,0,0
72208,0,0
72218,0,0
72228,0,0
72238,0,0
72248,0,0
72258,0,0
72268,0,0
72278,0,0
72288,0,0
72298,0,0
72308,0,0
72318,0,0
72328,0,0
72338,0,0
72348,0,0
72358,0,0
72368,0,0
72378,0,0
72388,0,0
72398,0,0
72408,0,0
72418,0,0
72428,0,0
72438,0,0
72448,0,0
72458,0,0
72468,0,0
72478,0,0
72488,0,0
72498,0,0
72508,0,0
72518,0,0
72528,0,0
72538,0,0
72548,0,0
72558,0,0
72568,0,0
72578,0,0
72588,0,0
72598,0,0
72608,0,0
72618,0,0
72628,0,0
72638,0,0
72648,0,7
72658,0,10
72668,0,11
72678,0,0
72688,0,0
72698,0,0
72708,0,22
72718,0,51
72728,0,35
72738,0,30
72748,0,16
72758,0,6
72768,0,0
72778,0,0
72788,0,0
72798,0,0
72808,0,0
72818,0,0
72828,0,16
72838,0,2
72848,0,0
72858,0,0
72868,0,14
72878,0,10
72888,0,0
72898,0,0
72908,0,0
72918,0,0
72928,0,0
72938,0,0
72948,0,0
72958,0,0
72968,0,0
72978,0,0
72988,0,0
72998,0,0
73008,0,0
73018,0,0
73028,0,0
73038,0,0
73048,0,0
73058,0,0
73068,0,0
73078,0,0
73088,0,0
73098,0,0
73108,0,0
73118,0,0
73128,0,0
73138,0,0
73148,0,0
73158,0,0
73168,0,0
73178,0,0
73188,0,0
73198,0,0
73208,0,0
73218,0,0
73228,0,0
73238,0,0
73248,0,0
73258,0,0
73268,0,0
73278,0,5
73288,0,0
73298,0,10
73308,0,98
73318,0,217
73328,0,325
73338,0,333
73348,0,412
73358,0,406
73368,0,369
73378,80,432
73388,459,558
73398,406,613
73408,325,501
73418,250,526
73428,176,592
73438,112,670
73448,195,649
73458,199,893
73468,147,797
73478,105,752
73488,64,706
73498,28,698
73508,3,1107
73518,0,1023
73528,0,1017
73538,0,945
73548,0,931
73558,0,869
73568,0,899
73578,0,870
73588,0,836
73598,0,863
73608,0,816
73618,0,730
73628,0,613
73638,0,626
73648,0,624
73658,0,645
73668,0,530
73678,0,498
73688,0,446
73698,1310,385
73708,2405,400
73718,3998,323
73728,3909,244
73738,3926,242
73748,3934,199
73758,3937,150
73768,3938,148
73778,4060,140
73788,3940,112
73798,3812,88
73808,3574,67
73818,2800,49
73828,2239,26
73838,1776,17
73848,1390,1
73858,1088,0
73868,1151,0
73878,1264,0
73888,1280,0
73898,1121,0
73908,897,0
73918,707,0
73928,539,0
73938,403,0
73948,307,0
73958,224,0
73968,159,0
73978,108,0
73988,69,0
73998,39,0
74008,13,0
74018,0,0
74028,0,0
74038,0,0
74048,0,0
74058,0,0
74068,0,0
74078,0,0
74088,0,0
74098,0,0
74108,0,0
74118,0,0
74128,0,0
74138,0,0
78647,0,0
78657,0,0
78667,0,0
78677,0,0
78687,0,0
78697,0,0
78707,0,0
78717,0,0
78727,0,0
78737,0,0
78747,0,0
78757,0,0
78767,0,0
78777,0,0
78787,0,0
78797,0,0
78807,0,0
78817,0,0
78827,0,0
78837,0,0
78847,0,0
78857,0,0
78867,0,0
78877,0,0
78887,0,0
78897,0,0
78907,0,0
78917,0,0
78927,0,0
78937,0,0
78947,0,0
78957,0,0
78967,0,0
78977,0,0
78987,0,0
78997,0,0
79007,0,16
79017,0,34
79027,0,29
79037,0,22
79047,0,93
79057,0,112
79067,0,97
79077,0,73
79087,0,76
79097,0,74
79107,0,64
79117,0,48
79127,0,46
79137,0,49
79147,0,33
79157,0,50
79167,0,38
79177,0,38
79187,0,34
79197,0,38
79207,0,26
79217,0,51
79227,0,39
79237,0,31
79247,0,42
79257,0,38
79267,0,27
79277,0,35
79287,0,64
79297,787,80
79307,3930,93
79317,3935,93
79327,3963,82
79337,3932,58
79347,4051,78
79357,3945,90
79367,3941,80
79377,3940,59
79387,3933,45
79397,3934,41
79407,3847,50
79417,2914,51
79427,2354,54
79437,1867,39
79447,1470,35
79457,1143,30
79467,882,36
79477,688,43
79487,529,17
79497,399,20
79507,303,14
79517,214,0
79527,158,4
79537,101,0
79547,64,0
79557,32,0
79567,5,0
79577,0,0
79587,0,0
79597,0,0
79607,1285,0
79617,2259,0
79627,2688,17
79637,3951,0
79647,3935,0
79657,3942,0
79667,3926,0
79677,3938,0
79687,3934,0
79697,3943,0
79707,3930,0
79717,3935,0
79727,3938,0
79737,3941,0
79747,3366,0
79757,2662,0
79767,2130,0
79777,1680,27
79787,1309,0
79797,1015,0
79807,789,0
79817,612,0
79827,465,0
79837,352,0
79847,257,0
79857,192,0
79867,135,0
79877,82,5
79887,50,59
79897,19,71
79907,0,112
79917,0,244
79927,239,356
937,347,464
79947,298,557
79957,225,633
79967,589,592
79977,1234,713
79987,1104,614
79997,876,653
80007,685,819
80017,529,708
80027,2117,822
80037,2845,971
80047,3380,1007
80057,2995,1011
80067,2448,924
80077,1968,798
80087,1535,875
80097,1202,918
80107,2109,1088
80117,3935,963
80127,3938,910
80137,3930,851
80147,3924,895
80157,3063,971
80167,2424,863
80177,1933,895
80187,1521,927
80197,3923,951
80207,3942,1003
80217,3936,998
80227,3936,995
80237,3743,1087
80247,2907,1114
80257,2320,1085
80267,1844,914
80277,1450,895
80287,1127,795
80297,877,764
80307,673,666
80317,523,711
80327,397,707
80337,1166,775
80347,1262,656
80357,2333,593
80367,3934,474
80377,3934,371
80387,3934,314
80397,3939,254
80407,3936,201
80417,3933,161
80427,3931,192
80437,3936,150
80447,3932,113
80457,3936,85
80467,3936,71
80477,3941,54
80487,3945,34
80497,3938,29
80507,3936,9
80517,3933,0
80527,3867,0
80537,2969,0
80547,2366,0
80557,1883,0
80567,3204,0
80577,3922,0
80587,3639,0
80597,3141,0
80607,2559,0
80617,2045,0
80627,1629,0
80637,1264,0
85146,0,0
85156,0,0
85166,0,0
85176,0,0
85186,0,0
85196,0,0
85206,0,0
85216,0,0
85226,0,0
85236,0,0
85246,0,0
85256,0,0
85266,0,0
85276,0,0
85286,0,0
85296,0,0
85306,0,0
85316,0,0
85326,0,0
85336,0,0
85346,0,0
85356,0,0
85366,0,0
85376,0,0
85386,0,0
85396,0,0
85406,0,0
85416,0,0
85426,0,0
85436,0,0
85446,0,0
85456,0,0
85466,0,0
85476,0,0
85486,0,0
85496,0,0
85506,0,0
85516,0,0
85526,0,16
85536,0,29
85546,0,23
85556,0,48
85566,0,59
85576,0,64
85586,0,55
85596,0,55
85606,0,80
85616,0,64
85626,0,54
85636,0,47
85646,0,49
85656,0,48
85666,0,41
85676,0,63
85686,0,80
85696,0,66
85706,0,62
85716,0,48
85726,0,41
85736,0,42
85746,0,31
85756,729,47
85766,809,78
85776,670,67
85786,528,51
85796,390,37
85806,293,39
85816,214,48
85826,151,37
85836,108,29
85846,64,42
85856,27,37
85866,10,27
85876,0,57
85886,0,58
85896,0,64
85906,0,75
85916,0,79
85926,0,75
85936,0,55
85946,0,34
85956,0,29
85966,0,30
85976,0,14
85986,0,20
85996,0,16
86006,0,1
86016,0,0
86026,0,0
86036,0,0
86046,0,19
86056,0,16
86066,0,0
86076,0,0
86086,0,0
86096,0,0
86106,0,0
86116,327,0
86126,3930,0
86136,3937,0
86146,3944,0
86156,3945,0
86166,3936,0
86176,3958,0
86186,3921,0
86196,3941,0
86206,3941,0
86216,3299,0
86226,2559,0
86236,2090,0
86246,1648,0
86256,1285,0
86266,1022,0
86276,777,0
86286,586,0
86296,456,0
86306,336,0
86316,290,0
86326,182,0
86336,120,0
86346,82,4
86356,50,105
86366,18,202
86376,13,182
86386,0,186
86396,0,199
86406,0,242
86416,0,305
86426,912,399
86436,1418,417
86446,2749,637
86456,3419,642
86466,2959,610
86476,2407,481
86486,1933,447
86496,1518,716
86506,1186,802
86516,918,839
86526,711,863
86536,544,829
86546,414,851
86556,311,784
86566,229,704
86576,162,602
86586,112,606
86596,69,695
86606,33,728
86616,7,839
86626,0,795
86636,0,976
86646,0,814
86656,0,1079
86666,0,1218
86676,0,1190
86686,0,1104
86696,0,1262
86706,0,1097
86716,0,1000
86726,0,912
86736,0,871
86746,0,963
86756,966,1094
86766,2139,875
86776,3935,765
86786,3933,752
86796,3936,611
86806,3429,503
86816,2701,422
86826,2146,357
86836,1702,269
86846,1333,229
86856,1043,165
86866,2325,130
86876,3931,113
86886,3935,98
86896,3924,79
86906,3937,49
86916,3931,31
86926,3937,16
86936,3933,5
86946,3935,0
86956,3939,0
86966,3935,0
86976,3728,0
86986,3921,0
86996,3390,0
87006,2726,0
87016,2186,0
87026,1735,0
87036,3631,0
87046,3938,0
87056,3936,0
87066,3936,0
87076,3937,0
87086,3932,0
87096,3927,0
87106,3344,0
87116,2640,0
87126,2115,0
87136,1665,0
91645,0,0
91655,0,0
91665,0,0
91675,0,0
91685,0,0
91695,0,0
91705,0,0
91715,0,0
91725,0,0
91735,0,0
91745,0,0
91755,0,0
91765,0,0
91775,0,0
91785,0,0
91795,0,0
91805,0,0
91815,0,0
91825,0,0
91835,0,0
91845,0,0
91855,0,0
91865,0,0
91875,0,0
91885,0,0
91895,0,0
91905,0,0
91915,0,0
91925,0,0
91935,0,0
91945,0,0
91955,0,0
91965,0,0
91975,0,0
91985,0,0
91995,0,0
92005,0,0
92015,0,0
92025,0,0
92035,0,0
92045,0,0
92055,0,0
92065,0,0
92075,0,0
92085,0,0
92095,0,23
92105,0,23
92115,0,25
92125,0,64
92135,0,53
92145,0,50
92155,0,78
92165,0,57
92175,0,76
92185,0,77
92195,0,59
92205,0,64
92215,0,78
92225,0,79
92235,0,70
92245,0,54
92255,0,10
92265,0,32
92275,0,83
92285,0,38
92295,0,55
92305,0,73
92315,0,83
92325,0,78
92335,0,48
92345,0,51
92355,0,69
92365,0,49
92375,0,71
92385,0,49
92395,0,52
92405,0,39
92415,0,50
92425,0,42
92435,0,58
92445,0,77
92455,0,73
92465,0,80
92475,0,53
92485,0,42
92495,0,41
92505,0,30
92515,0,44
92525,0,33
92535,0,25
92545,0,14
92555,0,0
92565,0,0
92575,0,0
92585,0,0
92595,0,0
92605,0,0
92615,0,0
92625,0,0
92635,0,0
92645,0,0
92655,0,0
92665,0,0
92675,0,0
92685,0,0
92695,0,0
92705,0,0
92715,0,0
92725,0,0
92735,0,0
92745,0,0
92755,0,0
92765,87,0
92775,1524,0
92785,1438,0
92795,1168,0
92805,912,0
92815,713,0
92825,543,0
92835,412,0
92845,308,0
92855,229,0
92865,161,0
92875,112,0
92885,69,0
92895,61,0
92905,34,0
92915,6,0
92925,0,0
92935,0,0
92945,0,0
92955,0,11
92965,610,45
92975,2326,93
92985,2205,93
92995,1819,91
93005,1947,103
93015,1918,235
93025,1600,304
93035,1249,311
93045,972,291
93055,753,346
93065,578,453
93075,439,456
93085,336,578
93095,251,640
93105,176,609
93115,749,547
93125,3682,569
93135,3654,529
93145,3001,606
93155,2427,713
93165,1935,750
93175,1520,944
93185,1181,1039
93195,923,966
93205,3526,828
93215,3946,927
93225,3931,879
93235,3938,877
93245,3929,869
93255,3939,846
93265,3928,805
93275,3939,798
93285,3934,811
93295,3932,656
93305,3742,574
93315,2879,464
93325,2287,400
93335,1842,352
93345,1429,287
93355,1104,234
93365,1891,190
93375,3881,144
93385,3933,106
93395,3920,99
93405,3939,75
93415,3932,67
93425,3932,69
93435,3938,55
93445,3932,53
93455,3934,42
93465,3934,22
93475,3935,15
93485,3931,7
93495,3696,0
93505,3903,0
93515,3925,0
93525,3934,0
93535,3933,0
93545,3826,0
93555,3939,0
93565,3935,0
93575,3937,0
93585,3929,0
93595,3935,0
93605,3937,0
93615,3939,0
93625,3931,0
93635,3933,0
98144,0,0
98154,0,0
98164,0,0
98174,0,0
98184,0,0
98194,0,0
98204,0,0
98214,0,0
98224,0,0
98234,0,0
98244,0,0
98254,0,0
98264,0,0
98274,0,0
98284,0,0
98294,0,0
98304,0,0
98314,0,0
98324,0,0
98334,0,0
98344,0,0
98354,0,0
98364,0,0
98374,0,0
98384,0,0
98394,0,0
98404,0,0
98414,0,0
98424,0,0
98434,0,0
98444,0,0
98454,0,0
98464,0,0
98474,0,0
98484,0,0
98494,0,0
98504,0,0
98514,0,0
98524,0,0
98534,0,0
98544,0,0
98554,0,0
98564,0,22
98574,0,43
98584,0,37
98594,0,27
98604,0,21
98614,0,26
98624,0,22
98634,0,15
98644,0,11
98654,0,19
98664,0,41
98674,0,79
98684,0,79
98694,0,59
98704,0,80
98714,0,114
98724,0,112
98734,0,81
98744,0,111
98754,0,113
98764,0,93
98774,0,84
98784,0,87
98794,0,70
98804,0,57
98814,0,45
98824,0,49
98834,0,50
98844,0,50
98854,0,48
98864,0,54
98874,0,55
98884,0,37
98894,0,79
98904,0,77
98914,0,52
98924,0,44
98934,0,49
98944,0,32
98954,0,70
98964,0,81
98974,0,74
98984,0,70
98994,0,64
99004,0,51
99014,0,38
99024,0,20
99034,0,18
99044,0,18
99054,0,23
99064,0,29
99074,0,17
99084,0,13
99094,0,7
99104,0,10
99114,0,6
99124,0,0
99134,0,0
99144,0,1
99154,0,3
99164,0,6
99174,0,0
99184,0,0
99194,0,0
99204,0,0
99214,0,0
99224,0,0
99234,0,31
99244,0,0
99254,0,14
99264,0,13
99274,0,0
99284,0,0
99294,0,0
99304,0,0
99314,0,0
99324,0,0
99334,0,0
99344,0,0
99354,0,0
99364,0,0
99374,0,0
99384,0,0
99394,0,0
99404,0,8
99414,0,29
99424,0,84
99434,0,141
99444,0,141
99454,0,368
99464,361,471
99474,869,558
99484,778,816
99494,732,975
99504,631,885
99514,494,921
99524,1153,1134
99534,1124,1047
99544,912,976
99554,717,843
99564,558,923
99574,415,819
99584,685,942
99594,831,912
99604,704,770
99614,559,859
99624,2224,895
99634,3935,821
99644,3939,811
99654,3934,772
99664,3938,714
99674,3934,662
99684,3936,741
99694,3937,755
99704,3920,708
99714,3008,668
99724,2394,672
99734,1907,710
99744,1495,861
99754,1173,801
99764,912,679
99774,702,602
99784,533,602
99794,410,561
99804,301,511
99814,3934,733
99824,3931,805
99834,3943,720
99844,3950,788
99854,3937,699
99864,3933,661
99874,3440,575
99884,2704,496
99894,2162,405
99904,1712,379
99914,1343,534
99924,1058,431
99934,819,389
99944,634,337
99954,2089,265
99964,3943,204
99974,3936,164
99984,3939,128
99994,3939,103
100004,3935,74
100014,3935,51
100024,3936,39
100034,3934,27
100044,3041,16
100054,2419,7
100064,1933,2
100074,1517,129
100084,1569,0
100094,3460,0
100104,3506,0
100114,2928,0
100124,2387,0
100134,1911,0
104643,0,0
104653,0,0
104663,0,0
104673,0,0
104683,0,0
104693,0,0
104703,0,0
104713,0,0
104723,0,0
104733,0,0
104743,0,0
104753,0,0
104763,0,0
104773,0,0
104783,0,0
104793,0,0
104803,0,0
104813,0,0
104823,0,0
104833,0,0
104843,0,0
104853,0,0
104863,0,0
104873,0,0
104883,0,0
104893,0,0
104903,0,0
104913,0,0
104923,0,0
104933,0,0
104943,0,0
104953,0,0
104963,0,0
104973,0,0
104983,0,0
104993,0,0
105003,0,0
105013,0,0
105023,0,0
105033,0,0
105043,0,0
105053,0,0
105063,0,0
105073,303,15
105083,480,18
105093,412,25
105103,317,38
105113,233,49
105123,169,49
105133,119,39
105143,78,42
105153,37,55
105163,5,89
105173,33,74
105183,16,91
105193,0,93
105203,0,93
105213,0,80
105223,0,98
105233,0,112
105243,0,106
105253,0,101
105263,0,80
105273,0,64
105283,0,48
105293,0,46
105303,0,42
105313,0,47
105323,0,26
105333,0,16
105343,0,32
105353,0,39
105363,0,25
105373,0,19
105383,0,17
105393,0,14
105403,0,54
105413,0,54
105423,0,49
105433,0,38
105443,0,42
105453,0,30
105463,0,35
105473,0,17
105483,0,18
105493,0,24
105503,0,17
105513,0,26
105523,0,34
105533,0,27
105543,0,44
105553,0,41
105563,0,32
105573,0,22
105583,0,27
105593,0,11
105603,0,0
105613,0,5
105623,0,0
105633,0,7
105643,0,22
105653,0,0
105663,0,0
105673,0,0
105683,0,0
105693,0,0
105703,0,0
105713,0,0
105723,0,0
105733,0,0
105743,0,0
105753,0,0
105763,0,0
105773,0,0
105783,0,0
105793,0,0
105803,0,0
105813,0,0
105823,0,0
105833,0,0
105843,0,102
105853,0,118
105863,0,126
105873,1370,411
105883,1584,392
105893,3127,381
105903,3869,439
105913,3292,453
105923,2672,457
105933,2146,465
105943,3189,614
105953,3949,639
105963,3937,592
105973,3959,590
105983,3933,565
105993,3946,618
106003,3938,511
106013,3938,557
106023,3937,471
106033,3933,397
106043,3935,556
106053,3933,605
106063,3110,633
106073,3930,685
106083,3931,656
106093,3943,619
106103,3927,610
106113,3843,606
106123,2954,506
106133,2357,471
106143,1872,550
106153,1475,573
106163,1151,627
106173,1227,713
106183,1250,699
106193,1584,987
106203,1456,912
106213,1967,752
106223,1874,789
106233,2976,727
106243,3925,643
106253,3937,526
106263,3941,421
106273,3280,334
106283,2608,303
106293,2075,255
106303,1649,192
106313,1291,145
106323,1008,109
106333,784,91
106343,605,62
106353,459,61
106363,338,43
106373,263,56
106383,2982,39
106393,3942,22
106403,3934,23
106413,3934,18
106423,3937,10
106433,3939,14
106443,3931,1
106453,3937,0
106463,3690,0
106473,2922,0
106483,2607,0
106493,3927,0
106503,3431,0
106513,2771,0
106523,3934,0
106533,3932,0
106543,3935,0
106553,3938,0
106563,3938,0
106573,3931,0
106583,3201,0
106593,3939,0
106603,3935,0
106613,3943,0
106623,3936,0
106633,3940,0
111142,0,0
111152,0,0
111162,0,0
111172,0,0
111182,0,0
111192,0,0
111202,0,0
111212,0,0
111222,0,0
111232,0,0
111242,0,0
111252,0,0
111262,0,0
111272,0,0
111282,0,0
111292,0,0
111302,0,0
111312,0,0
111322,0,0
111332,0,0
111342,0,0
111352,0,0
111362,0,0
111372,0,0
111382,0,0
111392,0,0
111402,0,0
111412,0,0
111422,0,0
111432,0,0
111442,0,0
111452,0,0
111462,0,0
111472,0,0
111482,0,0
111492,0,0
111502,0,0
111512,0,0
111522,0,0
111532,0,0
111542,0,0
111552,0,0
111562,0,0
111572,0,0
111582,0,0
111592,0,0
111602,0,0
111612,0,0
111622,0,0
111632,0,0
111642,0,0
111652,0,0
111662,0,0
111672,0,20
111682,0,37
111692,0,38
111702,0,31
111712,0,40
111722,0,30
111732,0,31
111742,0,75
111752,0,86
111762,0,139
111772,0,79
111782,0,45
111792,0,60
111802,0,42
111812,0,42
111822,0,41
111832,0,62
111842,0,19
111852,0,64
111862,0,54
111872,0,46
111882,104,39
111892,95,95
111902,65,55
111912,177,29
111922,153,29
111932,1071,18
111942,1211,16
111952,1014,7
111962,803,3
111972,625,47
111982,473,80
111992,357,98
112002,267,95
112012,190,80
112022,134,68
112032,83,47
112042,51,48
112052,21,37
112062,0,26
112072,0,11
112082,0,0
112092,0,0
112102,0,0
112112,0,0
112122,0,0
112132,0,0
112142,0,0
112152,0,0
112162,0,0
112172,0,0
112182,0,0
112192,577,0
112202,995,0
112212,880,0
112222,709,0
112232,548,0
112242,418,0
112252,306,0
112262,225,0
112272,169,0
112282,112,0
112292,69,0
112302,42,0
112312,13,0
112322,0,0
112332,0,0
112342,0,0
112352,0,0
112362,0,0
112372,0,0
112382,0,0
112392,0,0
112402,0,59
112412,0,192
112422,0,266
112432,0,339
112442,0,423
112452,0,569
112462,0,511
112472,0,547
112482,0,647
112492,169,560
112502,619,501
112512,720,417
112522,1200,353
112532,1023,545
112542,806,538
112552,627,447
112562,2719,451
112572,2996,474
112582,2551,448
112592,3927,418
112602,3930,486
112612,3934,450
112622,3952,429
112632,3930,399
112642,3341,323
112652,2651,368
112662,2103,506
112672,1671,563
112682,3933,527
112692,3939,655
112702,3932,591
112712,3925,498
112722,3650,524
112732,2847,561
112742,2274,496
112752,1813,432
112762,1412,385
112772,1088,349
112782,848,557
112792,658,535
112802,492,480
112812,386,464
112822,239,475
112832,216,389
112842,3891,322
112852,3930,336
112862,3937,295
112872,3937,231
112882,3983,182
112892,4015,164
112902,3936,128
112912,3940,96
112922,3936,87
112932,3894,67
112942,3940,80
112952,4001,54
112962,3946,33
112972,3930,17
112982,3937,2
112992,3926,0
113002,3935,0
113012,3935,0
113022,3948,0
113032,3406,0
113042,2688,0
113052,2147,0
113062,1695,0
113072,1327,0
113082,1034,0
113092,2432,0
113102,2242,0
113112,1845,0
113122,1456,0
113132,1147,0
117641,0,0
117651,0,0
117661,0,0
117671,0,0
117681,0,0
117691,0,0
117701,0,0
117711,0,0
117721,0,0
117731,0,0
117741,0,0
117751,0,0
117761,0,0
117771,0,0
117781,0,0
117791,0,0
117801,0,0
117811,0,0
117821,0,0
117831,0,0
117841,0,0
117851,0,0
117861,0,0
117871,0,0
117881,0,0
117891,0,0
117901,0,0
117911,0,0
117921,0,0
117931,0,0
117941,0,0
117951,0,0
117961,0,0
117971,0,0
117981,0,7
117991,0,7
118001,0,0
118011,0,0
118021,0,2
118031,0,26
118041,0,35
118051,0,23
118061,0,48
118071,0,46
118081,0,21
118091,0,12
118101,0,16
118111,0,39
118121,0,43
118131,0,49
118141,0,43
118151,0,30
118161,0,34
118171,0,17
118181,0,21
118191,0,22
118201,0,33
118211,0,29
118221,0,48
118231,0,26
118241,0,26
118251,0,16
118261,0,2
118271,0,0
118281,0,0
118291,0,0
118301,0,0
118311,0,0
118321,0,0
118331,0,0
118341,0,16
118351,0,13
118361,0,2
118371,0,2
118381,0,0
118391,0,0
118401,0,0
118411,0,0
118421,0,0
118431,0,0
118441,0,0
118451,0,0
118461,0,0
118471,0,0
118481,0,0
118491,0,0
118501,0,0
118511,0,0
118521,0,0
118531,0,0
118541,0,0
118551,0,0
118561,0,0
118571,0,0
118581,0,0
118591,0,0
118601,0,0
118611,0,0
118621,0,0
118631,0,0
118641,0,0
118651,0,0
118661,0,0
118671,0,0
118681,0,0
118691,0,0
118701,0,0
118711,0,0
118721,0,0
118731,0,0
118741,0,51
118751,0,0
118761,0,0
118771,0,0
118781,0,0
118791,0,47
118801,0,161
118811,1618,150
118821,3216,153
118831,3719,138
118841,3926,236
118851,3671,290
118861,2959,335
118871,2374,386
118881,1889,439
118891,1481,489
118901,1158,511
118911,894,511
118921,690,496
118931,1904,529
118941,3927,503
118951,3939,487
118961,3931,406
118971,3931,349
118981,3223,286
118991,3056,253
119001,2517,253
119011,3909,320
119021,3934,375
119031,3939,368
119041,3936,336
119051,3938,332
119061,3203,304
119071,2521,273
119081,3924,246
119091,3931,300
119101,3936,291
119111,3933,313
119121,3937,318
119131,3941,257
119141,3938,261
119151,3459,289
119161,2706,358
119171,2150,339
119181,1703,314
119191,3922,250
119201,3938,188
119211,3942,147
119221,3930,128
119231,3942,108
119241,3931,75
119251,3936,64
119261,3933,46
119271,3936,23
119281,3933,3
119291,3939,1
119301,3947,0
119311,3930,0
119321,3944,0
119331,3935,0
119341,3937,0
119351,3935,0
119361,3754,0
119371,2893,0
119381,2314,0
119391,1840,0
119401,1440,0
119411,1126,0
119421,871,0
119431,2595,0
119441,3413,0
119451,3113,0
119461,2559,0
119471,2064,0
119481,1635,0
119491,1279,0
119501,983,0
119511,763,0
119521,592,0
119531,458,0
119541,336,0
119551,245,0
119561,178,0
119571,123,0
119581,87,0
119591,48,0
119601,17,0
119611,217,0
119621,373,0
119631,1439,0
124140,0,0
124150,0,0
124160,0,0
124170,0,0
124180,0,0
124190,0,0
124200,0,0
124210,0,0
124220,0,0
124230,0,0
124240,0,0
124250,0,0
124260,0,0
124270,0,0
124280,0,0
124290,0,0
124300,0,0
124310,0,0
124320,0,0
124330,0,0
124340,0,0
124350,0,0
124360,0,0
124370,0,0
124380,0,0
124390,0,0
124400,0,0
124410,0,16
124420,0,0
124430,0,0
124440,0,0
124450,0,0
124460,0,0
124470,0,0
124480,0,0
124490,0,0
124500,0,0
124510,0,0
124520,0,0
124530,0,0
124540,0,0
124550,0,0
124560,0,0
124570,0,0
124580,0,0
124590,0,0
124600,0,0
124610,0,11
124620,0,6
124630,0,15
124640,638,14
124650,800,9
124660,683,9
124670,533,3
124680,401,0
124690,304,5
124700,217,0
124710,159,0
124720,106,0
124730,64,0
124740,38,0
124750,15,0
124760,0,0
124770,0,0
124780,0,0
124790,0,0
124800,0,0
124810,0,0
124820,0,0
124830,0,0
124840,0,0
124850,0,0
124860,0,0
124870,0,0
124880,0,0
124890,0,0
124900,0,0
124910,0,0
124920,0,0
124930,0,0
124940,0,0
124950,0,0
124960,0,0
124970,0,0
124980,0,0
124990,0,0
125000,0,0
125010,0,0
125020,0,0
125030,0,0
125040,0,0
125050,0,0
125060,0,0
125070,0,0
125080,0,0
125090,0,0
125100,0,0
125110,0,0
125120,1253,0
125130,3927,0
125140,3927,0
125150,3937,0
125160,3935,0
125170,3938,0
125180,3695,0
125190,2864,0
125200,2287,0
125210,1813,0
125220,1422,0
125230,1114,1
125240,857,65
125250,663,64
125260,504,103
125270,384,176
125280,286,242
125290,263,214
125300,1009,192
125310,1502,240
125320,1325,318
125330,1071,280
125340,826,320
125350,656,339
125360,511,454
125370,312,622
125380,860,530
125390,3484,597
125400,3920,567
125410,3938,648
125420,3938,540
125430,4006,576
125440,3932,638
125450,3959,555
125460,3931,711
125470,3938,732
125480,3931,683
125490,3408,662
125500,2674,639
125510,2119,701
125520,1685,816
125530,1319,782
125540,1023,1011
125550,796,1040
125560,624,985
125570,464,861
125580,353,909
125590,260,891
125600,189,875
125610,128,1015
125620,81,1161
125630,51,1135
125640,18,1110
125650,0,1090
125660,0,1066
125670,0,901
125680,0,815
125690,0,817
125700,0,669
125710,0,613
125720,0,566
125730,0,453
125740,0,343
125750,0,363
125760,0,292
125770,0,210
125780,0,181
125790,0,131
125800,0,112
125810,0,96
125820,2158,80
125830,3937,58
125840,3926,43
125850,3925,45
125860,3938,12
125870,3495,0
125880,2756,0
125890,2202,0
125900,1746,0
125910,1373,0
125920,1067,0
125930,880,0
125940,1871,0
125950,1657,0
125960,1990,0
125970,1857,0
125980,1505,0
125990,1182,0
126000,927,0
126010,713,0
126020,556,0
126030,423,0
126040,310,0
126050,221,0
126060,162,0
126070,112,0
126080,69,0
126090,1774,0
126100,2144,0
126110,1843,0
126120,1477,0
126130,1159,0
130639,0,0
130649,0,0
130659,0,0
130669,0,0
130679,0,0
130689,0,0
130699,0,0
130709,0,0
130719,0,0
130729,0,0
130739,0,0
130749,0,0
130759,0,0
130769,0,0
130779,0,0
130789,0,0
130799,0,0
130809,0,0
130819,0,0
130829,0,0
130839,0,0
130849,0,0
130859,0,0
130869,0,0
130879,0,0
130889,0,0
130899,0,0
130909,0,0
130919,0,0
130929,0,0
130939,0,0
130949,0,0
130959,0,0
130969,0,0
130979,0,0
130989,0,0
130999,0,0
131009,0,0
131019,0,0
131029,0,0
131039,0,0
131049,0,0
131059,0,0
131069,0,6
131079,0,16
131089,0,31
131099,0,33
131109,0,37
131119,2075,48
131129,2703,36
131139,2831,34
131149,3939,19
131159,3938,26
131169,3933,53
131179,3929,34
131189,3927,45
131199,3934,19
131209,3931,13
131219,3931,21
131229,3840,17
131239,2945,3
131249,2351,3
131259,1871,0
131269,1472,0
131279,1142,0
131289,887,0
131299,687,0
131309,530,0
131319,399,9
131329,300,0
131339,217,0
131349,155,0
131359,101,0
131369,67,0
131379,33,0
131389,3,0
131399,0,0
131409,0,0
131419,0,0
131429,0,0
131439,0,0
131449,0,0
131459,0,0
131469,0,0
131479,0,0
131489,0,0
131499,0,0
131509,0,0
131519,0,0
131529,0,0
131539,0,0
131549,0,0
131559,0,0
131569,0,0
131579,0,0
131589,0,0
131599,0,0
131609,0,0
131619,1467,0
131629,1535,0
131639,1273,0
131649,1008,0
131659,784,0
131669,605,0
131679,461,0
131689,349,0
131699,257,0
131709,182,0
131719,134,0
131729,80,0
131739,47,0
131749,21,0
131759,0,0
131769,0,0
131779,0,0
131789,0,0
131799,0,0
131809,0,3
131819,483,31
131829,2610,54
131839,3933,83
131849,3817,113
131859,3031,265
131869,2435,337
131879,1945,449
131889,1530,578
131899,2992,624
131909,3932,571
131919,3930,567
131929,3929,585
131939,3927,598
131949,3931,697
131959,3931,663
131969,3938,756
131979,3934,633
131989,3934,678
131999,3934,771
132009,3916,735
132019,2987,746
132029,2931,779
132039,3917,694
132049,3931,657
132059,3935,670
132069,3937,673
132079,3938,628
132089,3927,549
132099,3263,679
132109,2579,762
132119,2045,752
132129,1625,791
132139,1279,787
132149,995,797
132159,770,758
132169,592,713
132179,449,656
132189,336,749
132199,246,654
132209,177,560
132219,115,447
132229,66,407
132239,42,378
132249,17,316
132259,0,251
132269,0,191
132279,0,138
132289,0,126
132299,0,110
132309,0,99
132319,1478,87
132329,3933,69
132339,3901,54
132349,3871,45
132359,3888,22
132369,3809,12
132379,2943,3
132389,2352,0
132399,1857,0
132409,1475,0
132419,1147,0
132429,890,0
132439,687,0
132449,497,0
132459,1389,0
132469,1328,0
132479,1085,0
132489,838,0
132499,657,0
132509,506,0
132519,380,0
132529,281,0
132539,208,0
132549,145,0
132559,98,0
132569,61,0
132579,27,0
132589,3,0
132599,0,0
132609,0,0
132619,0,0
132629,0,0
137138,0,0
137148,0,0
137158,0,0
137168,0,0
137178,0,0
137188,0,0
137198,0,0
137208,0,0
137218,0,0
137228,0,0
137238,0,0
137248,0,0
137258,0,0
137268,0,0
137278,0,0
137288,0,0
137298,0,0
137308,0,0
137318,0,0
137328,0,0
137338,0,0
137348,0,0
137358,0,0
137368,0,0
137378,0,0
137388,0,0
137398,0,0
137408,0,0
137418,0,0
137428,0,0
137438,0,0
137448,0,0
137458,0,0
137468,0,0
137478,0,0
137488,0,0
137498,0,0
137508,0,0
137518,0,0
137528,0,0
137538,0,16
137548,0,16
137558,0,24
137568,0,55
137578,0,64
137588,0,41
137598,0,42
137608,0,31
137618,0,71
137628,0,81
137638,0,65
137648,0,50
137658,0,37
137668,0,20
137678,113,71
137688,535,80
137698,479,80
137708,379,55
137718,528,66
137728,2533,80
137738,3056,58
137748,3938,60
137758,3939,80
137768,3935,64
137778,3935,65
137788,3935,46
137798,3935,41
137808,3920,21
137818,3925,15
137828,3894,2
137838,2966,6
137848,2373,16
137858,1901,1
137868,1488,3
137878,1150,0
137888,903,1
137898,686,0
137908,528,0
137918,407,0
137928,304,0
137938,209,2
137948,158,0
137958,109,0
137968,63,0
137978,36,0
137988,5,0
137998,18,0
138008,0,0
138018,0,0
138028,0,0
138038,0,0
138048,0,0
138058,0,0
138068,0,0
138078,0,0
138088,0,0
138098,0,0
138108,0,0
138118,0,0
138128,0,0
138138,0,0
138148,0,0
138158,0,0
138168,0,0
138178,0,0
138188,0,0
138198,0,0
138208,0,0
138218,0,0
138228,0,0
138238,0,0
138248,0,0
138258,0,0
138268,0,0
138278,0,0
138288,0,0
138298,0,0
138308,0,71
138318,38,166
138328,394,239
138338,400,368
138348,1314,445
138358,1279,434
138368,1051,645
138378,819,687
138388,643,576
138398,493,618
138408,931,639
138418,3019,581
138428,3923,621
138438,3935,542
138448,3926,848
138458,3935,816
138468,3938,720
138478,3940,646
138488,3937,559
138498,3933,566
138508,3618,591
138518,2851,611
138528,3013,621
138538,2538,705
138548,3935,764
138558,3931,874
138568,3938,803
138578,3940,899
138588,3930,966
138598,3229,950
138608,2545,906
138618,2026,1168
138628,1603,1120
138638,1253,943
138648,975,772
138658,3933,891
138668,3923,875
138678,3936,1054
138688,3935,1131
138698,3926,1035
138708,3943,972
138718,3488,931
138728,2753,793
138738,2208,829
138748,1745,719
138758,1365,580
138768,3122,530
138778,3921,416
138788,3933,339
138798,3930,272
138808,3934,214
138818,3929,192
138828,3932,171
138838,3933,151
138848,3926,115
138858,3935,90
138868,3937,64
138878,3941,45
138888,3942,16
138898,3936,4
138908,3926,0
138918,3920,0
138928,3002,0
138938,2394,0
138948,1904,0
138958,1498,0
138968,1163,0
138978,905,0
138988,697,0
138998,535,0
139008,407,0
139018,304,0
139028,226,0
139038,161,0
139048,109,0
139058,70,0
139068,33,0
139078,18,0
139088,5,0
139098,0,0
139108,0,0
139118,499,0
139128,2095,0
143637,0,0
143647,0,0
143657,0,0
143667,0,0
143677,0,0
143687,0,0
143697,0,0
143707,0,0
143717,0,0
143727,0,0
143737,0,0
143747,0,0
143757,0,0
143767,0,0
143777,0,0
143787,0,0
143797,0,0
143807,0,0
143817,0,0
143827,0,0
143837,0,0
143847,0,16
143857,0,0
143867,0,0
143877,0,0
143887,0,0
143897,0,0
143907,0,0
143917,0,0
143927,0,0
143937,0,0
143947,0,0
143957,0,0
143967,0,0
143977,0,0
143987,0,0
143997,0,0
144007,0,0
144017,0,0
144027,0,0
144037,0,0
144047,0,0
144057,0,0
144067,0,15
144077,0,13
144087,0,0
144097,0,29
144107,0,22
144117,0,35
144127,0,46
144137,0,25
144147,0,23
144157,0,10
144167,0,7
144177,0,0
144187,0,3
144197,0,11
144207,0,0
144217,0,0
144227,0,0
144237,0,0
144247,0,0
144257,0,0
144267,0,0
144277,0,0
144287,0,0
144297,0,0
144307,0,0
144317,0,0
144327,0,0
144337,0,0
144347,0,0
144357,0,0
144367,0,0
144377,0,0
144387,0,0
144397,0,0
144407,0,0
144417,0,0
144427,0,0
144437,0,0
144447,0,0
144457,0,0
144467,0,0
144477,0,0
144487,0,0
144497,0,0
144507,0,0
144517,0,0
144527,0,0
144537,0,0
144547,0,0
144557,0,0
144567,22,0
144577,18,0
144587,0,0
144597,0,0
144607,0,0
144617,0,0
144627,0,0
144637,0,0
144647,0,0
144657,0,0
144667,0,0
144677,0,0
144687,0,0
144697,0,0
144707,0,0
144717,0,1
144727,929,0
144737,944,46
144747,777,113
144757,598,145
144767,457,140
144777,349,123
144787,256,141
144797,187,180
144807,128,294
144817,81,389
144827,51,462
144837,21,441
144847,0,423
144857,597,548
144867,651,639
144877,1015,652
144887,3063,624
144897,3934,690
144907,3938,666
144917,3920,686
144927,3916,720
144937,3963,725
144947,3888,694
144957,3937,859
144967,3916,891
144977,3933,939
144987,3933,771
144997,3925,743
145007,3955,731
145017,3923,675
145027,3517,624
145037,2800,900
145047,2234,823
145057,1776,880
145067,1391,1011
145077,1084,1011
145087,838,1023
145097,644,991
145107,495,912
145117,369,1057
145127,284,935
145137,203,771
145147,3930,627
145157,3933,508
145167,3933,431
145177,3940,361
145187,3933,313
145197,3937,261
145207,3928,222
145217,3936,199
145227,3929,171
145237,3926,149
145247,3925,118
145257,3938,118
145267,3938,70
145277,3940,46
145287,3933,52
145297,3929,0
145307,3939,5
145317,3494,0
145327,2748,26
145337,2193,0
145347,1738,0
145357,1360,0
145367,1058,0
145377,814,0
145387,633,0
145397,482,0
145407,359,0
145417,271,0
145427,193,0
145437,140,0
145447,90,0
145457,52,0
145467,27,0
145477,0,0
145487,0,0
145497,0,0
145507,0,0
145517,0,0
145527,0,0
145537,0,0
145547,0,0
145557,0,0
145567,0,0
145577,0,0
145587,0,0
145597,0,0
145607,0,0
145617,0,0
145627,0,0
150136,0,0
150146,0,0
150156,0,0
150166,0,0
150176,0,0
150186,0,0
150196,0,0
150206,0,0
150216,0,0
150226,0,0
150236,0,0
150246,0,0
150256,0,0
150266,0,0
150276,0,0
150286,0,0
150296,0,0
150306,0,0
150316,0,0
150326,0,0
150336,0,0
150346,0,0
150356,0,0
150366,0,0
150376,0,0
150386,0,0
150396,0,0
150406,0,0
150416,0,0
150426,0,0
150436,0,0
150446,0,0
150456,0,0
150466,0,0
150476,0,0
150486,11,0
150496,0,0
150506,0,0
150516,0,0
150526,0,0
150536,0,0
150546,0,19
150556,0,31
150566,0,35
150576,0,22
150586,0,16
150596,0,15
150606,0,16
150616,0,16
150626,0,16
150636,0,14
150646,0,16
150656,0,16
150666,0,48
150676,0,49
150686,0,48
150696,0,41
150706,0,36
150716,0,43
150726,0,63
150736,0,51
150746,0,42
150756,0,31
150766,0,60
150776,0,41
150786,0,64
150796,21,46
150806,35,64
150816,281,22
150826,1648,25
150836,1533,48
150846,1247,61
150856,977,30
150866,763,10
150876,591,15
150886,439,50
150896,331,4
150906,242,16
150916,178,16
150926,122,10
150936,80,0
150946,41,0
150956,15,2
150966,0,0
150976,0,0
150986,0,0
150996,0,0
151006,0,0
151016,0,0
151026,595,0
151036,2138,0
151046,2020,0
151056,1662,0
151066,1308,0
151076,1022,0
151086,787,0
151096,611,0
151106,463,0
151116,355,0
151126,256,0
151136,186,0
151146,127,0
151156,82,0
151166,48,0
151176,21,0
151186,0,0
151196,0,0
151206,0,0
151216,0,0
151226,0,46
151236,0,126
151246,0,211
151256,0,400
151266,0,576
151276,70,689
151286,278,694
151296,298,826
151306,237,806
151316,167,738
151326,116,763
151336,71,720
151346,41,745
151356,16,691
151366,0,917
151376,2906,752
151386,3933,705
151396,3937,593
151406,3936,608
151416,3936,786
151426,3938,879
151436,3938,853
151446,3941,980
151456,3929,1183
151466,3934,1034
151476,3939,886
151486,3939,799
151496,3938,751
151506,3935,626
151516,3936,687
151526,3925,830
151536,3935,720
151546,3937,729
151556,3753,656
151566,2903,611
151576,2316,779
151586,1840,771
151596,1439,639
151606,1129,747
151616,873,695
151626,681,600
151636,1168,661
151646,3931,575
151656,3925,592
151666,3938,717
151676,3920,619
151686,3934,545
151696,3938,481
151706,3935,483
151716,3520,431
151726,2748,394
151736,2186,321
151746,1730,247
151756,3377,199
151766,3923,171
151776,3953,126
151786,3937,110
151796,3943,98
151806,3920,74
151816,3920,52
151826,3922,36
151836,3958,17
151846,3934,4
151856,3937,0
151866,3947,0
151876,3934,0
151886,3839,0
151896,2971,0
151906,2295,0
151916,1870,0
151926,1487,0
151936,1145,0
151946,882,0
151956,688,0
151966,519,0
151976,595,0
151986,778,0
151996,687,0
152006,538,0
152016,415,0
152026,309,0
152036,226,0
152046,168,0
152056,111,0
152066,74,0
152076,39,0
152086,11,0
152096,0,0
152106,0,0
152116,0,0
152126,0,0
156635,0,0
156645,0,0
156655,0,0
156665,0,0
156675,0,0
156685,0,0
156695,0,0
156705,0,0
156715,0,0
156725,0,0
156735,0,0
156745,0,0
156755,0,0
156765,0,0
156775,0,0
156785,0,0
156795,0,0
156805,0,0
156815,0,0
156825,0,0
156835,0,0
156845,0,0
156855,0,0
156865,0,0
156875,0,0
156885,0,0
156895,0,0
156905,0,0
156915,0,0
156925,0,0
156935,0,0
156945,0,1
156955,0,0
156965,0,11
156975,0,7
156985,0,7
156995,0,18
157005,0,23
157015,0,48
157025,0,57
157035,0,46
157045,0,29
157055,0,31
157065,0,35
157075,0,50
157085,0,37
157095,0,30
157105,0,46
157115,0,53
157125,0,80
157135,0,62
157145,0,48
157155,0,39
157165,0,34
157175,0,34
157185,0,39
157195,0,54
157205,0,45
157215,0,37
157225,0,33
157235,0,39
157245,0,33
157255,0,19
157265,0,48
157275,0,29
157285,0,48
157295,0,69
157305,0,79
157315,0,55
157325,0,34
157335,0,20
157345,0,22
157355,0,23
157365,0,23
157375,0,11
157385,0,5
157395,0,0
157405,0,0
157415,245,0
157425,320,0
157435,541,0
157445,574,0
157455,466,0
157465,358,0
157475,266,0
157485,191,0
157495,133,0
157505,80,0
157515,48,0
157525,0,0
157535,4,0
157545,0,0
157555,0,0
157565,0,0
157575,0,0
157585,0,0
157595,0,0
157605,0,0
157615,0,0
157625,0,0
157635,0,0
157645,0,0
157655,0,0
157665,0,0
157675,0,0
157685,0,75
157695,0,176
157705,0,239
157715,0,360
157725,0,399
157735,375,422
157745,428,381
157755,359,332
157765,272,399
157775,191,357
157785,143,431
157795,93,539
157805,58,435
157815,27,400
157825,1091,391
157835,1649,335
157845,3650,307
157855,3938,355
157865,3931,357
157875,3931,462
157885,3935,465
157895,3936,415
157905,3935,429
157915,3924,406
157925,2992,561
157935,2384,567
157945,1895,610
157955,1488,570
157965,1166,522
157975,2281,484
157985,3937,501
157995,3824,547
158005,3552,498
158015,3930,449
158025,3939,355
158035,3941,291
158045,3931,255
158055,3936,207
158065,3930,205
158075,3939,166
158085,3932,118
158095,3935,80
158105,3942,54
158115,3931,34
158125,3938,31
158135,3937,15
158145,3942,5
158155,3940,0
158165,3936,0
158175,3938,0
158185,3938,0
158195,3938,0
158205,3926,0
158215,3041,0
158225,2423,0
158235,2618,0
158245,3051,0
158255,2667,0
158265,2182,0
158275,1738,0
158285,1361,0
158295,1060,0
158305,816,0
158315,629,0
158325,484,0
158335,362,0
158345,275,0
158355,197,0
158365,141,0
158375,91,0
158385,55,0
158395,29,0
158405,0,0
158415,0,0
158425,0,0
158435,0,0
158445,0,0
158455,0,0
158465,0,0
158475,0,0
158485,0,0
158495,0,0
158505,0,0
158515,0,0
158525,0,0
158535,0,0
158545,0,0
158555,0,0
158565,0,0
158575,0,0
158585,0,0
158595,0,0
158605,0,0
158615,0,0
158625,0,0
163134,0,608
163144,0,655
163154,0,642
163164,0,639
163174,0,563
163184,0,640
163194,0,595
163204,0,665
163214,0,666
163224,0,622
163234,0,661
163244,0,709
163254,0,651
163264,1008,585
163274,1093,594
163284,955,576
163294,752,487
163304,585,471
163314,443,455
163324,337,461
163334,247,405
163344,181,432
163354,126,390
163364,79,386
163374,44,299
163384,16,352
163394,0,325
163404,0,309
163414,0,290
163424,0,279
163434,0,307
163444,0,285
163454,0,334
163464,0,212
163474,0,225
163484,0,196
163494,0,195
163504,0,178
163514,0,177
163524,0,142
163534,0,121
163544,0,159
163554,0,192
163564,0,240
163574,0,203
163584,0,185
163594,0,174
163604,0,162
163614,0,193
163624,0,208
163634,0,233
163644,0,221
163654,0,246
163664,0,266
163674,0,238
163684,0,199
163694,0,210
163704,0,225
163714,0,256
163724,0,294
163734,0,293
163744,0,272
163754,0,247
163764,0,237
163774,0,272
163784,0,270
163794,0,243
163804,0,277
163814,0,278
163824,0,271
163834,0,342
163844,0,309
163854,0,275
163864,0,268
163874,0,301
163884,0,280
163894,0,304
163904,0,320
163914,0,262
163924,0,279
163934,0,339
163944,0,325
163954,0,331
163964,0,313
163974,0,272
163984,0,267
163994,0,253
164004,0,258
164014,0,304
164024,0,299
164034,0,258
164044,0,208
164054,0,182
164064,0,178
164074,0,254
164084,0,276
164094,0,231
164104,0,193
164114,0,205
164124,0,241
164134,0,208
164144,347,430
164154,390,419
164164,318,393
164174,238,400
164184,906,370
164194,837,317
164204,1327,335
164214,3929,354
164224,3933,307
164234,3936,334
164244,3933,380
164254,3951,541
164264,3950,560
164274,3947,560
164284,3931,511
164294,3918,523
164304,3938,539
164314,3907,497
164324,3935,503
164334,3937,575
164344,3940,617
164354,3890,549
164364,3957,479
164374,3902,458
164384,3937,417
164394,4030,464
164404,3927,606
164414,3889,579
164424,3951,511
164434,3951,495
164444,3920,471
164454,3942,431
164464,3926,455
164474,3934,389
164484,3933,407
164494,3936,404
164504,3942,385
164514,3934,335
164524,3929,305
164534,3943,274
164544,3930,302
164554,3936,342
164564,3938,290
164574,3933,283
164584,3939,242
164594,3935,199
164604,3936,225
164614,3675,195
164624,2841,223
164634,2253,241
164644,1792,240
164654,1409,283
164664,1088,286
164674,853,273
164684,656,281
164694,2422,309
164704,3939,223
164714,3927,224
164724,3935,272
164734,3934,363
164744,3930,368
164754,3929,496
164764,3931,407
164774,3347,511
164784,2647,470
164794,2119,437
164804,1675,384
164814,1307,393
164824,1015,425
164834,784,358
164844,611,385
164854,464,297
164864,348,258
164874,261,291
164884,185,295
164894,129,291
164904,82,251
164914,48,222
164924,27,192
164934,0,177
164944,0,171
164954,0,272
164964,0,237
164974,0,196
164984,0,276
164994,0,270
165004,0,213
165014,0,182
165024,0,151
165034,0,189
165044,0,215
165054,0,177
165064,0,309
165074,0,279
165084,0,231
165094,0,214
165104,0,192
165114,0,155
165124,0,153
169633,0,0
169643,0,0
169653,0,0
169663,0,0
169673,0,0
169683,0,0
169693,0,0
169703,0,0
169713,0,0
169723,0,0
169733,0,0
169743,0,0
169753,0,0
169763,0,0
169773,0,0
169783,0,0
169793,0,0
169803,0,0
169813,0,0
169823,0,0
169833,0,0
169843,0,0
169853,0,0
169863,0,0
169873,0,0
169883,0,0
169893,0,0
169903,0,0
169913,0,0
169923,0,0
169933,0,0
169943,16,0
169953,0,0
169963,0,0
169973,0,0
169983,0,0
169993,0,0
170003,0,0
170013,0,0
170023,0,0
170033,0,0
170043,0,0
170053,0,0
170063,0,0
170073,0,0
170083,0,0
170093,0,0
170103,0,0
170113,0,0
170123,0,0
170133,0,14
170143,1611,28
170153,1579,16
170163,1294,0
170173,1015,11
170183,785,0
170193,611,0
170203,460,0
170213,357,3
170223,266,6
170233,190,21
170243,129,17
170253,81,6
170263,54,5
170273,19,25
170283,0,5
170293,0,40
170303,0,57
170313,0,44
170323,0,48
170333,0,48
170343,0,44
170353,0,34
170363,0,20
170373,0,14
170383,0,0
170393,0,0
170403,0,0
170413,0,0
170423,0,0
170433,0,0
170443,0,0
170453,0,0
170463,0,0
170473,0,0
170483,0,0
170493,0,0
170503,0,0
170513,0,0
170523,0,0
170533,0,12
170543,0,61
170553,0,58
170563,0,43
170573,0,19
170583,0,18
170593,0,64
170603,0,83
170613,0,106
170623,1121,163
170633,1038,129
170643,835,133
170653,650,128
170663,497,129
170673,390,129
170683,490,394
170693,393,486
170703,303,482
170713,218,607
170723,151,627
170733,104,717
170743,66,634
170753,31,594
170763,3,576
170773,0,774
170783,16,818
170793,320,831
170803,627,813
170813,1650,921
170823,1488,805
170833,1206,843
170843,944,1033
170853,734,893
170863,565,795
170873,432,704
170883,320,816
170893,234,786
170903,172,813
170913,121,784
170923,78,1177
170933,36,1191
170943,16,983
170953,0,902
170963,0,932
170973,0,986
170983,0,890
170993,0,787
171003,0,686
171013,0,543
171023,603,500
171033,3653,443
171043,3933,354
171053,3942,299
171063,3941,284
171073,3938,231
171083,3930,189
171093,3933,156
171103,3936,126
171113,3934,98
171123,3935,65
171133,3946,41
171143,3935,25
171153,3942,5
171163,3940,0
171173,3299,0
171183,2613,0
171193,2093,0
171203,1654,0
171213,1292,0
171223,999,0
171233,778,0
171243,594,0
171253,448,0
171263,336,0
171273,260,0
171283,184,0
171293,80,0
171303,81,0
171313,44,0
171323,25,0
171333,0,0
171343,0,0
171353,0,0
171363,0,0
171373,0,0
171383,0,0
171393,0,0
171403,0,0
171413,0,0
171423,0,0
171433,0,0
171443,0,0
171453,0,0
171463,0,0
171473,0,0
171483,0,0
171493,0,0
171503,0,0
171513,0,0
171523,0,0
171533,0,0
171543,0,0
171553,0,0
171563,0,0
171573,0,0
171583,0,0
171593,0,0
171603,0,0
171613,0,0
171623,0,0
176132,0,74
176142,0,53
176152,0,39
176162,0,27
176172,0,12
176182,0,0
176192,0,0
176202,0,0
176212,0,0
176222,0,0
176232,0,0
176242,0,0
176252,0,0
176262,0,0
176272,0,0
176282,0,0
176292,0,0
176302,0,0
176312,0,0
176322,0,0
176332,0,0
176342,0,0
176352,0,0
176362,0,0
176372,0,0
176382,0,0
176392,0,0
176402,0,0
176412,0,0
176422,0,0
176432,0,0
176442,0,0
176452,0,0
176462,0,0
176472,0,0
176482,0,0
176492,0,0
176502,0,0
176512,0,0
176522,0,0
176532,0,0
176542,0,0
176552,0,0
176562,0,0
176572,0,1
176582,0,0
176592,0,0
176602,0,0
176612,0,0
176622,0,0
176632,0,0
176642,0,0
176652,0,0
176662,0,0
176672,0,0
176682,0,5
176692,0,52
176702,0,46
176712,0,41
176722,0,36
176732,0,51
176742,0,43
176752,0,23
176762,0,22
176772,0,29
176782,0,23
176792,0,20
176802,0,35
176812,0,43
176822,0,21
176832,0,42
176842,0,63
176852,0,39
176862,0,23
176872,0,18
176882,0,10
176892,0,10
176902,0,2
176912,0,0
176922,0,2
176932,0,0
176942,0,0
176952,0,0
176962,0,0
176972,0,6
176982,0,0
176992,0,0
177002,0,0
177012,0,0
177022,0,0
177032,0,0
177042,0,0
177052,0,0
177062,0,0
177072,0,0
177082,0,0
177092,0,0
177102,0,0
177112,0,0
177122,0,0
177132,23,0
177142,16,0
177152,0,0
177162,0,0
177172,0,0
177182,0,0
177192,0,0
177202,0,0
177212,0,0
177222,0,0
177232,0,51
177242,0,29
177252,0,65
177262,0,60
177272,0,33
177282,0,112
177292,0,164
177302,0,151
177312,0,207
177322,0,167
177332,0,180
177342,0,155
177352,0,197
177362,0,171
177372,0,230
177382,0,197
177392,0,217
177402,0,310
177412,0,303
177422,0,274
177432,0,358
177442,0,366
177452,0,421
177462,0,538
177472,1315,601
177482,3103,633
177492,3260,682
177502,2789,656
177512,2271,607
177522,1805,563
177532,1421,588
177542,1104,522
177552,885,560
177562,815,543
177572,643,564
177582,496,537
177592,879,485
177602,829,502
177612,1044,489
177622,931,417
177632,741,405
177642,581,498
177652,439,540
177662,326,435
177672,250,362
177682,176,340
177692,120,372
177702,74,424
177712,45,327
177722,18,290
177732,0,240
177742,0,186
177752,0,144
177762,0,109
177772,1219,77
177782,2000,61
177792,3153,44
177802,3937,29
177812,3936,16
177822,3936,0
177832,3934,0
177842,3934,0
177852,3221,0
177862,2554,0
177872,2038,0
177882,1614,0
177892,1255,0
177902,965,0
177912,752,0
177922,574,0
177932,440,0
177942,326,0
177952,243,0
177962,175,0
177972,123,0
177982,79,0
177992,32,0
178002,18,0
178012,0,0
178022,0,0
178032,0,0
178042,0,0
178052,0,0
178062,0,0
178072,0,0
178082,0,0
178092,0,0
178102,0,0
178112,0,0
178122,0,0
182631,0,0
182641,0,0
182651,0,0
182661,0,0
182671,0,0
182681,0,0
182691,0,0
182701,0,0
182711,0,0
182721,0,0
182731,0,0
182741,0,0
182751,0,0
182761,0,0
182771,0,0
182781,0,0
182791,0,0
182801,0,0
182811,0,0
182821,0,0
182831,0,0
182841,0,0
182851,0,0
182861,0,0
182871,0,0
182881,0,0
182891,0,0
182901,0,0
182911,0,0
182921,0,0
182931,0,0
182941,0,0
182951,0,0
182961,0,0
182971,0,0
182981,0,0
182991,0,6
183001,0,0
183011,0,23
183021,0,42
183031,0,35
183041,0,23
183051,0,36
183061,0,430
183071,0,138
183081,0,118
183091,0,112
183101,0,138
183111,0,112
183121,0,138
183131,0,125
183141,0,97
183151,0,75
183161,0,77
183171,0,69
183181,0,66
183191,0,59
183201,0,63
183211,0,64
183221,0,54
183231,0,51
183241,0,81
183251,0,89
183261,0,80
183271,0,54
183281,0,46
183291,0,48
183301,0,43
183311,0,45
183321,0,27
183331,0,22
183341,0,17
183351,0,13
183361,0,0
183371,0,9
183381,0,0
183391,0,0
183401,0,0
183411,0,0
183421,0,0
183431,0,0
183441,0,0
183451,0,0
183461,0,0
183471,0,1
183481,0,0
183491,0,0
183501,0,0
183511,0,0
183521,0,0
183531,0,0
183541,0,0
183551,0,0
183561,0,22
183571,0,11
183581,0,16
183591,0,48
183601,0,80
183611,0,107
183621,0,114
183631,0,144
183641,0,176
183651,0,262
183661,0,413
183671,0,560
183681,0,737
183691,0,767
183701,0,775
183711,0,991
183721,0,974
183731,640,945
183741,1443,832
183751,2393,720
183761,2357,749
183771,2477,686
183781,2274,629
183791,1854,605
183801,1459,572
183811,1142,527
183821,892,562
183831,3583,602
183841,3931,701
183851,3959,706
183861,3937,838
183871,3888,1051
183881,3901,1102
183891,3932,1022
183901,3940,1043
183911,3936,1242
183921,3872,1251
183931,3933,1243
183941,3935,1227
183951,3936,1072
183961,3935,1063
183971,3951,1104
183981,3937,931
183991,3935,851
184001,3871,841
184011,2945,903
184021,2334,935
184031,3580,912
184041,3932,874
184051,3940,789
184061,3934,718
184071,3933,592
184081,3044,500
184091,2429,418
184101,1937,319
184111,3934,258
184121,3937,208
184131,3931,175
184141,3934,166
184151,3933,165
184161,3937,174
184171,3932,159
184181,3939,103
184191,3936,69
184201,3941,65
184211,3930,48
184221,3275,27
184231,2594,23
184241,2075,76
184251,1638,0
184261,1280,0
184271,986,0
184281,771,0
184291,590,0
184301,447,0
184311,335,0
184321,780,0
184331,1613,0
184341,3347,0
184351,3920,0
184361,3250,0
184371,2626,0
184381,2109,0
184391,1663,0
184401,1302,0
184411,1008,0
184421,783,0
184431,601,0
184441,461,0
184451,342,0
184461,257,0
184471,182,0
184481,130,0
184491,87,0
184501,48,0
184511,16,0
184521,0,0
184531,0,0
184541,0,0
184551,0,0
184561,0,0
184571,0,0
184581,0,0
184591,0,0
184601,0,0
184611,0,0
184621,0,0
189130,0,0
189140,0,0
189150,0,0
189160,0,0
189170,0,0
189180,0,0
189190,0,0
189200,0,0
189210,0,0
189220,0,0
189230,0,0
189240,0,0
189250,0,0
189260,0,0
189270,0,0
189280,0,0
189290,0,0
189300,0,0
189310,0,0
189320,0,0
189330,0,0
189340,0,0
189350,0,0
189360,0,0
189370,0,0
189380,0,0
189390,0,0
189400,0,0
189410,0,0
189420,0,0
189430,0,0
189440,0,0
189450,0,0
189460,0,0
189470,0,0
189480,0,0
189490,0,0
189500,0,0
189510,0,0
189520,0,0
189530,0,0
189540,0,0
189550,0,0
189560,0,0
189570,0,32
189580,0,48
189590,0,64
189600,0,81
189610,0,80
189620,0,73
189630,0,96
189640,0,81
189650,0,64
189660,0,48
189670,0,37
189680,0,60
189690,0,49
189700,0,42
189710,0,10
189720,0,43
189730,0,25
189740,0,29
189750,0,61
189760,3152,51
189770,3941,19
189780,3933,59
189790,3673,51
189800,2881,64
189810,2305,46
189820,1830,33
189830,1428,37
189840,1119,47
189850,868,16
189860,667,16
189870,507,0
189880,391,6
189890,290,7
189900,210,0
189910,147,0
189920,101,0
189930,64,0
189940,25,0
189950,5,0
189960,0,0
189970,0,0
189980,0,0
189990,0,0
190000,0,0
190010,829,0
190020,976,0
190030,823,4
190040,647,30
190050,496,19
190060,375,20
190070,278,78
190080,208,139
190090,153,193
190100,99,153
190110,60,170
190120,23,151
190130,5,127
190140,0,102
190150,0,80
190160,0,79
190170,0,112
190180,0,87
190190,0,64
190200,0,167
190210,47,295
190220,71,304
190230,48,288
190240,25,353
190250,0,501
190260,0,549
190270,0,638
190280,0,859
190290,0,901
190300,0,850
190310,0,955
190320,0,939
190330,0,907
190340,0,859
190350,0,873
190360,0,1009
190370,0,909
190380,0,919
190390,0,990
190400,0,944
190410,0,857
190420,0,880
190430,0,846
190440,0,821
190450,0,878
190460,0,995
190470,0,1060
190480,0,1051
190490,0,1001
190500,0,899
190510,0,1132
190520,0,1095
190530,0,1301
190540,0,1270
190550,0,1145
190560,0,1042
190570,0,1107
190580,0,1023
190590,0,819
190600,0,732
190610,0,711
190620,0,576
190630,0,464
190640,0,373
190650,0,308
190660,0,240
190670,0,214
190680,0,189
190690,0,154
190700,0,144
190710,0,116
190720,0,105
190730,0,79
190740,0,48
190750,0,34
190760,0,25
190770,0,15
190780,0,1
190790,0,3
190800,0,0
190810,0,0
190820,0,0
190830,0,0
190840,0,0
190850,0,0
190860,0,0
190870,0,0
190880,0,0
190890,0,0
190900,0,0
190910,0,0
190920,0,0
190930,0,0
190940,0,0
190950,0,0
190960,0,0
190970,0,0
190980,0,0
190990,0,0
191000,0,0
191010,0,0
191020,0,0
191030,0,0
191040,0,0
191050,0,0
191060,0,0
191070,0,0
191080,0,0
191090,0,0
191100,0,0
191110,0,0
191120,0,0
195629,0,0
195639,0,0
195649,0,0
195659,0,0
195669,0,0
195679,0,0
195689,0,0
195699,0,0
195709,0,0
195719,0,0
195729,0,0
195739,0,0
195749,0,0
195759,0,0
195769,0,0
195779,0,0
195789,0,0
195799,0,0
195809,0,0
195819,0,0
195829,0,0
195839,0,0
195849,0,0
195859,0,0
195869,0,0
195879,0,0
195889,0,0
195899,0,0
195909,0,0
195919,0,0
195929,0,0
195939,0,0
195949,0,0
195959,0,0
195969,0,0
195979,0,0
195989,0,0
195999,0,0
196009,0,0
196019,0,0
196029,0,0
196039,0,3
196049,0,0
196059,0,0
196069,0,2
196079,0,0
196089,0,1
196099,0,0
196109,0,0
196119,0,35
196129,0,16
196139,0,22
196149,0,31
196159,0,45
196169,0,59
196179,0,59
196189,0,49
196199,0,44
196209,0,37
196219,0,34
196229,0,29
196239,0,51
196249,0,51
196259,0,70
196269,0,92
196279,0,75
196289,0,116
196299,0,116
196309,0,97
196319,0,66
196329,0,74
196339,0,70
196349,0,64
196359,0,64
196369,0,48
196379,0,65
196389,0,48
196399,0,51
196409,0,69
196419,0,59
196429,0,53
196439,0,44
196449,0,31
196459,0,11
196469,0,3
196479,0,0
196489,0,0
196499,47,0
196509,38,0
196519,22,0
196529,0,0
196539,0,0
196549,0,0
196559,0,0
196569,0,0
196579,0,0
196589,0,0
196599,0,0
196609,0,0
196619,0,0
196629,0,0
196639,0,0
196649,0,0
196659,0,0
196669,0,29
196679,0,0
196689,0,0
196699,0,0
196709,0,0
196719,0,0
196729,0,0
196739,0,39
196749,0,0
196759,0,42
196769,0,149
196779,0,157
196789,0,234
196799,0,208
196809,0,275
196819,0,459
196829,0,444
196839,0,490
196849,0,569
196859,0,560
196869,0,530
196879,0,694
196889,0,843
196899,0,849
196909,0,782
196919,0,657
196929,0,609
196939,0,533
196949,0,450
196959,0,415
196969,0,462
196979,0,740
196989,0,880
196999,0,880
197009,0,902
197019,0,813
197029,0,810
197039,0,763
197049,0,926
197059,0,1008
197069,0,977
197079,0,945
197089,0,913
197099,0,1068
197109,1719,1072
197119,2558,1051
197129,2368,981
197139,3936,953
197149,3934,1021
197159,3938,989
197169,3923,967
197179,3927,885
197189,3025,756
197199,2409,703
197209,1918,679
197219,1498,670
197229,1180,543
197239,908,464
197249,1690,414
197259,2011,368
197269,2186,300
197279,3937,231
197289,3949,181
197299,3934,159
197309,3866,135
197319,2992,113
197329,2394,111
197339,1903,105
197349,1494,69
197359,1168,64
197369,907,61
197379,702,48
197389,533,33
197399,496,22
197409,449,22
197419,341,14
197429,255,0
197439,188,0
197449,133,0
197459,80,0
197469,46,0
197479,19,0
197489,0,0
197499,0,0
197509,0,0
197519,0,0
197529,0,0
197539,0,0
197549,0,0
197559,0,0
197569,0,0
197579,0,0
197589,0,0
197599,0,0
197609,0,0
197619,0,0
202128,0,0
202138,0,0
202148,0,0
202158,0,0
202168,0,0
202178,0,0
202188,0,0
202198,0,0
202208,0,0
202218,0,0
202228,0,0
202238,0,6
202248,0,0
202258,0,0
202268,0,0
202278,0,0
202288,0,0
202298,0,0
202308,0,0
202318,0,0
202328,0,0
202338,0,0
202348,0,0
202358,0,0
202368,0,0
202378,0,0
202388,0,0
202398,0,0
202408,0,0
202418,0,0
202428,0,0
202438,0,0
202448,0,0
202458,0,0
202468,0,0
202478,0,0
202488,0,0
202498,0,0
202508,0,0
202518,0,0
202528,0,0
202538,0,0
202548,0,7
202558,0,11
202568,0,21
202578,0,503
202588,0,214
202598,0,209
202608,0,174
202618,0,147
202628,0,126
202638,0,150
202648,0,144
202658,0,128
202668,0,96
202678,0,84
202688,0,81
202698,0,59
202708,0,60
202718,0,72
202728,0,64
202738,0,51
202748,0,56
202758,0,48
202768,0,46
202778,0,30
202788,0,11
202798,0,18
202808,0,33
202818,0,29
202828,0,16
202838,0,11
202848,0,20
202858,0,21
202868,0,15
202878,0,3
202888,0,0
202898,0,0
202908,211,0
202918,1793,0
202928,1701,0
202938,1391,0
202948,1091,0
202958,853,0
202968,659,0
202978,501,0
202988,381,0
202998,289,0
203008,205,0
203018,144,0
203028,93,0
203038,59,0
203048,23,0
203058,0,0
203068,0,0
203078,0,0
203088,0,0
203098,0,0
203108,0,0
203118,0,0
203128,0,0
203138,0,0
203148,0,0
203158,0,0
203168,0,9
203178,0,30
203188,0,14
203198,0,4
203208,0,2
203218,0,20
203228,0,23
203238,19,70
203248,0,128
203258,0,106
203268,0,134
203278,806,206
203288,1015,309
203298,1065,371
203308,912,416
203318,713,535
203328,560,665
203338,428,603
203348,320,506
203358,243,449
203368,168,511
203378,109,621
203388,74,786
203398,36,818
203408,12,869
203418,0,767
203428,0,896
203438,0,1019
203448,0,919
203458,0,911
203468,0,851
203478,0,861
203488,0,902
203498,0,918
203508,0,893
203518,0,922
203528,0,907
203538,0,867
203548,0,834
203558,0,1075
203568,0,1313
203578,0,1390
203588,0,1481
203598,0,1482
203608,0,1435
203618,0,1343
203628,0,1253
203638,0,1069
203648,0,957
203658,0,943
203668,0,906
203678,0,804
203688,0,893
203698,0,763
203708,0,631
203718,0,542
203728,0,489
203738,0,471
203748,0,409
203758,0,379
203768,0,327
203778,0,272
203788,0,226
203798,0,198
203808,0,176
203818,0,144
203828,0,103
203838,0,75
203848,0,48
203858,0,29
203868,0,16
203878,0,16
203888,0,1
203898,0,4
203908,0,0
203918,0,0
203928,0,0
203938,0,0
203948,0,0
203958,0,0
203968,0,0
203978,0,0
203988,0,0
203998,0,0
204008,0,0
204018,0,0
204028,0,0
204038,0,0
204048,0,0
204058,0,0
204068,0,0
204078,0,0
204088,0,0
204098,0,0
204108,0,0
204118,0,0
208627,462,0
208637,353,0
208647,261,0
208657,186,0
208667,131,0
208677,82,0
208687,51,0
208697,21,0
208707,0,0
208717,0,0
208727,0,0
208737,0,0
208747,0,0
208757,0,0
208767,0,0
208777,0,0
208787,0,0
208797,0,0
208807,0,0
208817,0,0
208827,0,0
208837,0,0
208847,0,0
208857,0,0
208867,0,0
208877,0,0
208887,0,0
208897,0,0
208907,0,0
208917,0,0
208927,0,0
208937,0,0
208947,0,0
208957,0,0
208967,0,0
208977,0,0
208987,0,3
208997,0,0
209007,0,19
209017,0,27
209027,0,21
209037,0,27
209047,0,39
209057,0,27
209067,0,78
209077,0,231
209087,364,287
209097,336,279
209107,259,288
209117,183,278
209127,128,289
209137,86,272
209147,48,254
209157,26,272
209167,0,286
209177,0,272
209187,0,284
209197,0,272
209207,0,283
209217,0,265
209227,0,275
209237,0,263
209247,0,278
209257,0,261
209267,0,279
209277,0,269
209287,0,283
209297,0,262
209307,0,277
209317,0,256
209327,0,282
209337,0,263
209347,0,279
209357,0,266
209367,0,287
209377,0,264
209387,0,282
209397,0,263
209407,400,325
209417,3948,506
209427,3928,533
209437,3929,496
209447,3943,538
209457,3939,496
209467,3933,533
209477,3931,495
209487,3216,478
209497,2548,407
209507,2032,74
209517,1603,0
209527,1249,0
209537,971,0
209547,752,0
209557,576,0
209567,439,0
209577,330,0
209587,242,0
209597,176,0
209607,119,0
209617,80,0
209627,35,9
209637,18,22
209647,0,33
209657,0,134
209667,0,254
209677,0,288
209687,0,432
209697,0,559
209707,0,624
209717,0,688
209727,0,707
209737,836,737
209747,1556,811
209757,1409,752
209767,1139,682
209777,893,646
209787,692,745
209797,531,857
209807,400,797
209817,301,725
209827,221,762
209837,148,752
209847,111,873
209857,64,837
209867,30,797
209877,5,880
209887,0,913
209897,0,964
209907,0,1101
209917,0,1172
209927,0,984
209937,0,998
209947,0,1118
209957,0,1267
209967,0,1159
209977,0,1183
209987,0,1090
209997,0,947
210007,0,975
210017,0,1076
210027,0,985
210037,0,1234
210047,0,1232
210057,0,1141
210067,0,944
210077,0,859
210087,0,831
210097,0,702
210107,0,567
210117,0,511
210127,0,553
210137,0,432
210147,0,357
210157,0,300
210167,0,240
210177,0,270
210187,0,224
210197,0,187
210207,0,142
210217,0,98
210227,0,79
210237,0,58
210247,0,37
210257,0,33
210267,0,22
210277,0,13
210287,0,22
210297,0,4
210307,0,10
210317,0,11
210327,0,0
210337,0,10
210347,0,0
210357,0,0
210367,0,0
210377,0,0
210387,0,0
210397,0,0
210407,0,0
210417,0,0
210427,0,0
210437,0,0
210447,0,0
210457,0,0
210467,0,0
210477,0,0
210487,0,0
210497,0,0
210507,0,0
210517,0,0
210527,0,0
210537,0,0
210547,0,0
210557,0,0
210567,0,0
210577,0,0
210587,0,0
210597,0,0
210607,0,0
210617,0,0
215126,0,0
215136,0,0
215146,0,0
215156,0,0
215166,0,0
215176,0,0
215186,0,0
215196,0,0
215206,0,0
215216,0,0
215226,0,0
215236,0,0
215246,0,0
215256,0,0
215266,0,0
215276,0,0
215286,0,0
215296,0,0
215306,0,0
215316,0,0
215326,0,0
215336,0,0
215346,0,0
215356,0,0
215366,0,0
215376,0,0
215386,0,0
215396,0,0
215406,0,0
215416,0,0
215426,0,0
215436,0,0
215446,0,0
215456,0,0
215466,0,0
215476,0,0
215486,0,0
215496,0,0
215506,0,0
215516,0,0
215526,0,0
215536,0,23
215546,0,26
215556,0,137
215566,0,238
215576,0,327
215586,0,170
215596,0,288
215606,0,231
215616,0,301
215626,0,240
215636,0,304
215646,0,240
215656,0,304
215666,0,235
215676,0,299
215686,0,233
215696,0,298
215706,0,230
215716,0,298
215726,0,234
215736,0,301
215746,0,237
215756,0,304
215766,0,240
215776,0,304
215786,0,240
215796,0,302
215806,0,240
215816,0,302
215826,0,240
215836,0,303
215846,0,246
215856,0,304
215866,0,242
215876,0,303
215886,0,239
215896,0,300
215906,0,240
215916,0,302
215926,0,245
215936,0,296
215946,0,242
215956,0,304
215966,0,254
215976,0,302
215986,0,243
215996,0,289
216006,0,241
216016,0,294
216026,0,241
216036,0,291
216046,0,0
216056,99,0
216066,2591,0
216076,3185,0
216086,2870,0
216096,2359,0
216106,1895,0
216116,1486,0
216126,1167,0
216136,897,0
216146,691,0
216156,535,0
216166,404,0
216176,302,10
216186,223,15
216196,155,0
216206,111,0
216216,65,2
216226,36,0
216236,3,0
216246,0,30
216256,0,62
216266,0,66
216276,0,103
216286,0,192
216296,0,266
216306,497,288
216316,1978,322
216326,2032,335
216336,1703,414
216346,1350,438
216356,1058,430
216366,816,523
216376,627,649
216386,478,953
216396,365,815
216406,269,829
216416,195,748
216426,138,719
216436,93,775
216446,54,688
216456,29,679
216466,0,695
216476,0,782
216486,0,834
216496,0,781
216506,0,807
216516,0,774
216526,0,887
216536,0,960
216546,0,848
216556,0,816
216566,0,874
216576,0,942
216586,0,837
216596,0,1011
216606,0,1088
216616,0,1159
216626,0,1371
216636,0,1477
216646,0,1587
216656,0,1632
216666,0,1555
216676,0,1387
216686,0,1535
216696,0,1515
216706,0,1394
216716,0,1233
216726,0,1243
216736,0,1104
216746,0,977
216756,0,863
216766,0,816
216776,0,736
216786,0,683
216796,0,633
216806,0,538
216816,0,475
216826,0,435
216836,0,388
216846,0,344
216856,0,268
216866,0,220
216876,0,177
216886,0,176
216896,0,129
216906,0,100
216916,0,71
216926,0,54
216936,0,34
216946,0,23
216956,0,26
216966,0,21
216976,1857,15
216986,2024,4
216996,1703,3
217006,1345,0
217016,1062,6
217026,812,17
217036,640,16
217046,479,18
217056,429,16
217066,270,17
217076,195,17
217086,113,27
217096,99,26
217106,49,23
217116,27,18
221625,0,0
221635,0,0
221645,0,0
221655,0,0
221665,0,0
221675,0,0
221685,0,0
221695,0,0
221705,0,0
221715,0,0
221725,0,0
221735,0,0
221745,0,0
221755,0,0
221765,0,0
221775,0,0
221785,0,0
221795,0,0
221805,0,0
221815,0,0
221825,0,0
221835,0,0
221845,0,0
221855,0,0
221865,0,0
221875,0,0
221885,0,0
221895,0,0
221905,0,0
221915,0,0
221925,0,0
221935,0,0
221945,0,0
221955,0,0
221965,0,0
221975,0,0
221985,0,0
221995,0,0
222005,0,0
222015,0,3
222025,0,0
222035,0,0
222045,0,17
222055,0,22
222065,0,16
222075,0,32
222085,0,55
222095,0,51
222105,0,75
222115,0,64
222125,0,48
222135,0,80
222145,0,97
222155,0,82
222165,0,76
222175,0,55
222185,0,70
222195,0,64
222205,0,86
222215,0,83
222225,0,74
222235,0,59
222245,0,72
222255,0,54
222265,0,67
222275,0,78
222285,20,74
222295,16,62
222305,0,46
222315,0,41
222325,0,26
222335,0,18
222345,0,27
222355,0,38
222365,0,19
222375,0,5
222385,0,6
222395,0,7
222405,0,2
222415,0,0
222425,0,0
222435,0,0
222445,0,0
222455,0,0
222465,0,0
222475,0,0
222485,0,0
222495,0,0
222505,0,0
222515,0,0
222525,0,0
222535,0,0
222545,0,0
222555,0,0
222565,0,0
222575,0,0
222585,0,0
222595,0,0
222605,0,0
222615,0,0
222625,0,0
222635,0,0
222645,0,0
222655,0,0
222665,0,0
222675,0,0
222685,0,9
222695,0,6
222705,0,27
222715,0,48
222725,0,37
222735,0,80
222745,40,149
222755,789,165
222765,2247,301
222775,2164,382
222785,1793,337
222795,1420,368
222805,1115,543
222815,860,605
222825,667,711
222835,501,848
222845,381,883
222855,283,801
222865,208,832
222875,147,882
222885,92,879
222895,59,947
222905,23,1059
222915,3,1009
222925,0,951
222935,0,1073
222945,0,1168
222955,0,1255
222965,0,1418
222975,0,1373
222985,0,1255
222995,0,1169
223005,0,1206
223015,0,1194
223025,0,1155
223035,0,1254
223045,0,1605
223055,0,1593
223065,0,1575
223075,0,1481
223085,0,1492
223095,0,1495
223105,0,1344
223115,0,1360
223125,0,1335
223135,0,1255
223145,0,1158
223155,0,1043
223165,0,1121
223175,0,1013
223185,0,1059
223195,0,928
223205,0,843
223215,0,720
223225,0,631
223235,0,528
223245,0,403
223255,0,338
223265,0,304
223275,0,272
223285,0,258
223295,0,227
223305,0,189
223315,0,269
223325,0,114
223335,0,102
223345,0,80
223355,0,60
223365,0,47
223375,0,37
223385,0,47
223395,0,41
223405,0,32
223415,0,17
223425,0,36
223435,0,18
223445,0,24
223455,0,23
223465,0,16
223475,0,25
223485,0,23
223495,0,18
223505,0,22
223515,0,16
223525,0,16
223535,0,18
223545,0,13
223555,0,11
223565,0,6
223575,0,1
223585,0,3
223595,0,5
223605,0,0
223615,0,0
228124,0,0
228134,0,0
228144,0,0
228154,0,0
228164,0,0
228174,0,0
228184,0,0
228194,0,0
228204,0,0
228214,0,0
228224,0,0
228234,0,0
228244,0,0
228254,0,0
228264,0,0
228274,0,0
228284,0,0
228294,0,0
228304,0,0
228314,0,0
228324,0,0
228334,0,0
228344,0,0
228354,0,0
228364,0,0
228374,0,0
228384,0,0
228394,0,0
228404,0,0
228414,0,0
228424,0,0
228434,0,0
228444,0,0
228454,0,0
228464,0,0
228474,0,0
228484,0,0
228494,0,0
228504,0,0
228514,0,0
228524,0,0
228534,0,0
228544,0,0
228554,0,0
228564,0,0
228574,0,3
228584,0,13
228594,0,19
228604,0,31
228614,0,80
228624,0,91
228634,0,110
228644,0,83
228654,0,75
228664,0,80
228674,0,80
228684,0,52
228694,0,58
228704,0,55
228714,0,75
228724,0,79
228734,0,58
228744,0,61
228754,0,71
228764,0,97
228774,0,85
228784,0,65
228794,0,64
228804,0,60
228814,0,47
228824,0,29
228834,0,15
228844,0,7
228854,0,0
228864,0,0
228874,0,0
228884,0,0
228894,0,0
228904,0,0
228914,0,0
228924,3470,0
228934,3927,0
228944,3931,0
228954,3936,0
228964,3942,0
228974,3935,0
228984,3339,0
228994,2643,0
229004,2114,0
229014,1669,0
229024,1297,0
229034,1010,0
229044,784,0
229054,604,0
229064,464,0
229074,353,0
229084,256,0
229094,186,0
229104,128,0
229114,85,0
229124,51,0
229134,17,0
229144,0,0
229154,0,0
229164,0,16
229174,0,53
229184,0,73
229194,0,106
229204,0,106
229214,0,128
229224,0,202
229234,0,220
229244,1363,1014
229254,1727,1847
229264,1487,2542
229274,1253,971
229284,987,931
229294,770,859
229304,589,976
229314,450,944
229324,336,1173
229334,251,1207
229344,1211,1146
229354,1167,1075
229364,3939,1104
229374,3935,999
229384,3933,1093
229394,3920,959
229404,3177,1040
229414,2508,1105
229424,3926,1313
229434,3934,1247
229444,3931,1072
229454,3955,1072
229464,3907,935
229474,3935,1124
229484,3942,1136
229494,3901,1071
229504,3214,1040
229514,2553,1103
229524,2015,1040
229534,1586,1083
229544,1243,1010
229554,1012,972
229564,750,992
229574,576,991
229584,439,996
229594,334,1003
229604,242,935
229614,176,900
229624,117,754
229634,77,878
229644,41,863
229654,11,715
229664,0,912
229674,0,1104
229684,0,1041
229694,0,1216
229704,0,1104
229714,0,933
229724,0,918
229734,0,816
229744,0,671
229754,0,575
229764,287,464
229774,997,361
229784,1297,311
229794,1121,278
229804,1776,262
229814,1930,208
229824,1675,143
229834,3937,144
229844,3938,115
229854,3665,80
229864,2895,66
229874,2319,271
229884,1840,346
229894,1442,334
229904,1130,341
229914,876,320
229924,677,331
229934,523,16
229944,389,15
229954,299,19
229964,211,13
229974,152,13
229984,100,18
229994,62,16
230004,31,7
230014,3,16
230024,0,9
230034,0,16
230044,0,8
230054,0,10
230064,0,3
230074,0,0
230084,0,0
230094,0,0
230104,0,0
230114,0,0
234623,0,0
234633,0,0
234643,0,0
234653,0,0
234663,0,0
234673,0,0
234683,0,0
234693,0,0
234703,0,0
234713,0,0
234723,0,0
234733,0,0
234743,0,0
234753,0,0
234763,0,0
234773,0,0
234783,0,0
234793,0,0
234803,0,0
234813,0,0
234823,0,0
234833,0,0
234843,0,0
234853,0,0
234863,0,0
234873,0,0
234883,0,0
234893,0,0
234903,0,0
234913,0,0
234923,7,0
234933,0,0
234943,0,0
234953,0,0
234963,0,2
234973,0,0
234983,0,0
234993,0,0
235003,0,0
235013,0,0
235023,0,0
235033,0,0
235043,0,0
235053,0,0
235063,0,0
235073,0,0
235083,0,0
235093,0,10
235103,0,16
235113,0,7
235123,0,2
235133,0,16
235143,0,23
235153,0,16
235163,0,21
235173,0,35
235183,0,20
235193,0,35
235203,0,47
235213,373,60
235223,3932,59
235233,3935,45
235243,3926,66
235253,3091,71
235263,2469,53
235273,1968,53
235283,1535,37
235293,1213,31
235303,941,4
235313,728,17
235323,562,7
235333,427,7
235343,316,0
235353,236,16
235363,163,0
235373,114,0
235383,76,0
235393,35,0
235403,16,0
235413,0,0
235423,0,0
235433,0,0
235443,0,0
235453,0,0
235463,0,0
235473,0,0
235483,0,0
235493,0,0
235503,0,0
235513,0,0
235523,0,0
235533,2822,0
235543,3475,0
235553,3039,0
235563,2483,0
235573,1993,0
235583,1573,0
235593,1230,0
235603,951,0
235613,736,0
235623,567,0
235633,429,0
235643,324,0
235653,241,0
235663,173,0
235673,114,0
235683,77,23
235693,40,69
235703,11,137
235713,0,171
235723,0,275
235733,0,363
235743,0,368
235753,0,448
235763,0,528
235773,0,1275
235783,0,800
235793,0,770
235803,0,944
235813,0,1179
235823,592,1077
235833,2819,981
235843,3936,1117
235853,3935,1094
235863,3943,933
235873,3933,878
235883,3936,903
235893,3932,839
235903,3934,790
235913,3938,886
235923,3934,1014
235933,3927,961
235943,3066,966
235953,2439,914
235963,1947,994
235973,1535,987
235983,1194,914
235993,927,987
236003,719,1146
236013,554,1326
236023,418,1126
236033,317,1293
236043,238,1407
236053,167,1733
236063,112,1484
236073,69,1611
236083,38,1670
236093,10,1434
236103,0,1321
236113,0,1253
236123,0,1331
236133,0,1411
236143,0,1264
236153,0,1131
236163,0,1007
236173,0,845
236183,0,826
236193,0,743
236203,0,623
236213,0,670
236223,0,566
236233,0,483
236243,0,395
236253,0,390
236263,1810,336
236273,2149,286
236283,1925,263
236293,1570,235
236303,1296,206
236313,1071,182
236323,832,228
236333,761,286
236343,693,301
236353,534,299
236363,401,306
236373,301,293
236383,210,43
236393,181,38
236403,109,36
236413,66,28
236423,33,16
236433,15,16
236443,18,10
236453,0,6
236463,0,90
236473,0,68
236483,0,53
236493,0,44
236503,0,28
236513,0,17
236523,0,17
236533,0,11
236543,0,0
236553,0,0
236563,0,0
236573,0,0
236583,0,0
236593,0,0
236603,0,0
236613,0,0
241122,0,0
241132,0,0
241142,0,0
241152,0,0
241162,0,0
241172,0,0
241182,0,0
241192,0,0
241202,0,0
241212,0,0
241222,0,0
241232,0,0
241242,0,0
241252,0,0
241262,0,0
241272,0,0
241282,0,0
241292,0,0
241302,0,0
241312,0,0
241322,0,0
241332,0,0
241342,0,0
241352,0,0
241362,0,0
241372,0,0
241382,0,0
241392,0,0
241402,0,0
241412,0,0
241422,0,0
241432,0,0
241442,0,0
241452,0,0
241462,0,3
241472,0,0
241482,0,0
241492,0,0
241502,0,0
241512,0,0
241522,0,0
241532,0,11
241542,0,14
241552,0,29
241562,0,32
241572,0,42
241582,0,26
241592,0,22
241602,0,36
241612,0,45
241622,0,46
241632,0,56
241642,0,50
241652,0,64
241662,0,48
241672,0,48
241682,0,34
241692,0,57
241702,0,75
241712,0,57
241722,0,58
241732,0,69
241742,0,46
241752,0,33
241762,0,34
241772,0,19
241782,0,18
241792,0,42
241802,306,49
241812,428,49
241822,810,50
241832,767,39
241842,624,24
241852,476,22
241862,323,37
241872,267,26
241882,214,15
241892,128,4
241902,81,0
241912,55,16
241922,0,16
241932,0,5
241942,0,0
241952,0,0
241962,0,0
241972,14,0
241982,0,0
241992,0,0
242002,0,0
242012,0,0
242022,809,0
242032,1472,0
242042,1333,0
242052,1075,0
242062,842,0
242072,651,0
242082,495,0
242092,381,0
242102,281,0
242112,208,0
242122,144,0
242132,97,0
242142,60,0
242152,22,7
242162,3,6
242172,0,5
242182,0,2
242192,0,13
242202,0,49
242212,0,93
242222,0,145
242232,0,162
242242,0,183
242252,0,280
242262,0,466
242272,0,503
242282,0,640
242292,0,721
242302,0,752
242312,0,1559
242322,0,813
242332,0,726
242342,0,729
242352,0,823
242362,0,767
242372,0,747
242382,0,734
242392,0,775
242402,0,909
242412,0,982
242422,0,880
242432,0,903
242442,0,825
242452,0,960
242462,0,1110
242472,0,1168
242482,0,1273
242492,0,1152
242502,0,1311
242512,0,1518
242522,0,1563
242532,0,1306
242542,0,1072
242552,0,1136
242562,0,1005
242572,0,1055
242582,0,1088
242592,0,1221
242602,0,1291
242612,0,1121
242622,0,1184
242632,0,1252
242642,0,1104
242652,0,1102
242662,0,1040
242672,0,963
242682,0,986
242692,0,981
242702,0,958
242712,0,1009
242722,0,871
242732,0,912
242742,0,831
242752,0,767
242762,0,659
242772,0,607
242782,0,754
242792,0,706
242802,0,745
242812,0,635
242822,0,511
242832,0,475
242842,0,397
242852,320,304
242862,285,285
242872,216,244
242882,156,203
242892,107,176
242902,63,162
242912,34,176
242922,14,233
242932,0,272
242942,0,260
242952,0,287
242962,0,271
242972,0,61
242982,0,53
242992,0,53
243002,0,43
243012,0,38
243022,0,33
243032,0,31
243042,0,17
243052,0,25
243062,0,19
243072,0,16
243082,0,10
243092,0,9
243102,0,10
243112,0,6
247621,0,0
247631,0,0
247641,0,0
247651,0,0
247661,0,0
247671,0,0
247681,0,0
247691,0,0
247701,0,0
247711,0,0
247721,0,0
247731,0,0
247741,0,0
247751,0,0
247761,0,0
247771,0,14
247781,0,0
247791,0,0
247801,0,0
247811,0,0
247821,0,0
247831,0,0
247841,0,0
247851,0,0
247861,0,0
247871,0,0
247881,0,0
247891,0,0
247901,0,0
247911,0,0
247921,0,0
247931,0,0
247941,0,0
247951,0,0
247961,0,0
247971,0,0
247981,0,7
247991,0,39
248001,0,32
248011,0,19
248021,0,5
248031,0,23
248041,0,23
248051,0,14
248061,0,4
248071,0,112
248081,0,328
248091,0,336
248101,0,304
248111,0,221
248121,0,245
248131,0,210
248141,0,279
248151,0,241
248161,0,291
248171,0,240
248181,0,285
248191,0,238
248201,0,279
248211,0,229
248221,0,272
248231,0,219
248241,0,286
248251,0,266
248261,0,390
248271,0,309
248281,0,368
248291,0,313
248301,0,351
248311,0,240
248321,0,306
248331,0,221
248341,0,279
248351,0,222
248361,0,302
248371,0,234
248381,0,335
248391,0,262
248401,0,331
248411,0,242
248421,0,306
248431,0,226
248441,0,304
248451,0,227
248461,0,307
248471,0,229
248481,0,316
248491,0,229
248501,0,309
248511,0,231
248521,0,304
248531,0,227
248541,0,303
248551,0,233
248561,0,305
248571,0,235
248581,0,304
248591,0,229
248601,0,304
248611,0,229
248621,0,303
248631,0,228
248641,0,303
248651,0,236
248661,0,304
248671,0,234
248681,0,307
248691,0,234
248701,0,303
248711,0,229
248721,0,307
248731,0,227
248741,0,304
248751,0,225
248761,0,305
248771,0,227
248781,0,309
248791,0,228
248801,0,310
248811,0,225
248821,0,310
248831,0,227
248841,0,314
248851,0,236
248861,864,377
248871,1088,293
248881,917,368
248891,725,272
248901,566,351
248911,430,257
248921,322,336
248931,239,245
248941,163,326
248951,113,237
248961,71,324
248971,39,261
248981,15,333
248991,0,235
249001,0,307
249011,0,225
249021,0,314
249031,0,231
249041,0,317
249051,0,227
249061,0,310
249071,0,223
249081,0,309
249091,0,238
249101,0,287
249111,0,221
249121,0,310
249131,0,230
249141,0,292
249151,0,233
249161,0,310
249171,0,227
249181,0,315
249191,0,226
249201,0,315
249211,0,218
249221,0,312
249231,0,213
249241,0,309
249251,0,219
249261,0,311
249271,0,220
249281,0,310
249291,0,224
249301,0,307
249311,0,224
249321,0,311
249331,0,222
249341,0,315
249351,0,224
249361,0,307
249371,0,229
249381,0,319
249391,0,227
249401,0,307
249411,0,226
249421,0,309
249431,0,210
249441,0,306
249451,0,224
249461,0,313
249471,0,227
249481,0,315
249491,0,232
249501,0,310
249511,0,230
249521,0,316
249531,0,223
249541,0,313
249551,0,223
249561,0,310
249571,0,224
249581,0,308
249591,0,226
249601,0,314
249611,0,221
254120,0,348
254130,0,364
254140,0,227
254150,0,329
254160,0,218
254170,0,322
254180,0,214
254190,0,332
254200,0,211
254210,0,326
254220,0,208
254230,0,321
254240,0,211
254250,0,322
254260,0,219
254270,0,334
254280,0,213
254290,0,332
254300,0,214
254310,0,322
254320,0,209
254330,0,327
254340,0,213
254350,0,330
254360,0,213
254370,0,336
254380,0,209
254390,0,327
254400,0,210
254410,0,330
254420,0,213
254430,0,330
254440,0,215
254450,0,336
254460,0,214
254470,0,335
254480,0,209
254490,0,338
254500,0,213
254510,0,332
254520,0,212
254530,0,331
254540,0,210
254550,0,337
254560,0,210
254570,0,335
254580,0,209
254590,0,331
254600,0,196
254610,0,343
254620,0,213
254630,0,336
254640,0,215
254650,0,336
254660,0,213
254670,0,342
254680,0,207
254690,0,335
254700,0,208
254710,0,335
254720,0,208
254730,0,332
254740,0,206
254750,0,330
254760,0,210
254770,0,336
254780,0,202
254790,0,336
254800,0,208
254810,0,333
254820,0,207
254830,0,327
254840,0,206
254850,0,333
254860,0,205
254870,0,328
254880,0,207
254890,0,334
254900,0,208
254910,0,330
254920,0,208
254930,0,333
254940,0,207
254950,0,333
254960,0,208
254970,0,330
254980,0,201
254990,0,335
255000,0,208
255010,0,327
255020,0,211
255030,0,329
255040,0,209
255050,0,327
255060,0,208
255070,0,334
255080,0,208
255090,0,333
255100,0,213
255110,0,345
255120,0,211
255130,0,331
255140,0,206
255150,0,352
255160,1513,321
255170,1975,464
255180,1712,303
255190,1376,425
255200,1083,260
255210,829,400
255220,646,241
255230,495,389
255240,376,220
255250,274,319
255260,205,139
255270,143,323
255280,93,137
255290,63,338
255300,23,144
255310,0,354
255320,0,166
255330,0,382
255340,0,171
255350,0,394
255360,0,165
255370,0,400
255380,0,154
255390,0,404
255400,0,151
255410,0,404
255420,0,146
255430,0,420
255440,0,144
255450,0,433
255460,0,137
255470,0,448
255480,0,125
255490,0,427
255500,0,126
255510,0,419
255520,0,131
255530,0,423
255540,0,142
255550,0,414
255560,0,142
255570,0,408
255580,0,144
255590,0,403
255600,0,149
255610,0,406
255620,0,145
255630,0,401
255640,0,152
255650,0,402
255660,0,156
255670,0,403
255680,0,157
255690,0,409
255700,0,155
255710,0,414
255720,0,144
255730,0,422
255740,0,147
255750,0,419
255760,0,139
255770,71,441
255780,1891,261
255790,2411,576
255800,2410,283
255810,2469,601
255820,3933,368
255830,3938,688
255840,3933,371
255850,3943,698
255860,3937,371
255870,3930,715
255880,3933,370
255890,3937,722
255900,3933,373
255910,3933,706
255920,3937,361
255930,3935,714
255940,3931,348
255950,3937,717
255960,3935,363
255970,3847,715
255980,2955,307
255990,2352,611
256000,1874,217
256010,1469,566
256020,1140,181
256030,883,528
256040,687,144
256050,530,511
256060,400,142
256070,295,497
256080,222,128
256090,151,466
256100,108,115
256110,62,460
260619,0,599
260629,0,155
260639,0,476
260649,0,128
260659,0,464
260669,0,130
260679,0,471
260689,0,130
260699,0,458
260709,0,127
260719,0,461
260729,0,123
260739,0,452
260749,0,114
260759,0,450
260769,0,112
260779,0,445
260789,0,113
260799,0,455
260809,0,111
260819,0,454
260829,0,107
260839,0,452
260849,0,113
260859,0,469
260869,0,112
260879,0,477
260889,0,114
260899,0,475
260909,0,116
260919,0,481
260929,605,171
260939,2181,626
260949,2366,246
260959,2019,596
260969,1625,209
260979,1264,554
260989,991,176
260999,766,526
261009,586,151
261019,446,485
261029,345,133
261039,239,481
261049,183,131
261059,139,459
261069,77,123
261079,48,465
261089,16,128
261099,0,477
261109,0,121
261119,0,464
261129,0,117
261139,0,475
261149,0,117
261159,0,479
261169,0,112
261179,0,493
261189,0,106
261199,0,505
261209,0,100
261219,0,501
261229,0,97
261239,0,495
261249,0,99
261259,0,480
261269,0,95
261279,0,479
261289,0,110
261299,0,478
261309,0,112
261319,0,448
261329,0,90
261339,0,449
261349,0,106
261359,0,462
261369,0,99
261379,0,474
261389,0,108
261399,0,479
261409,0,114
261419,0,490
261429,0,114
261439,0,497
261449,0,112
261459,0,479
261469,0,112
261479,0,485
261489,0,112
261499,0,493
261509,0,112
261519,0,496
261529,0,85
261539,0,489
261549,0,109
261559,0,466
261569,0,78
261579,0,491
261589,0,95
261599,0,477
261609,0,115
261619,0,478
261629,0,97
261639,0,470
261649,0,96
261659,0,453
261669,0,102
261679,0,472
261689,0,97
261699,0,461
261709,851,173
261719,799,511
261729,642,160
261739,489,497
261749,377,142
261759,280,487
261769,198,134
261779,143,479
261789,97,123
261799,57,465
261809,26,101
261819,4,461
261829,0,98
261839,0,457
261849,0,110
261859,0,487
261869,0,112
261879,0,482
261889,0,109
261899,0,484
261909,0,111
261919,0,474
261929,0,112
261939,0,471
261949,0,122
261959,0,473
261969,0,115
261979,0,464
261989,0,113
261999,0,464
262009,0,120
262019,0,463
262029,1790,259
262039,3929,709
262049,3952,369
262059,3937,702
262069,3933,373
262079,3939,705
262089,3946,379
262099,3930,714
262109,3933,385
262119,3942,710
262129,3930,384
262139,3939,711
262149,3940,383
262159,3935,704
262169,3937,384
262179,3937,695
262189,3930,384
262199,3933,692
262209,3931,389
262219,3926,688
262229,3046,337
262239,2416,588
262249,1927,257
262259,2025,579
262269,3071,343
262279,3947,675
262289,3937,383
262299,3933,639
262309,3930,362
262319,3728,625
262329,2887,310
262339,2304,533
262349,1834,240
262359,1440,480
262369,1117,202
262379,872,451
262389,671,179
262399,523,437
262409,386,171
262419,286,417
262429,224,144
262439,144,412
262449,95,144
262459,61,387
262469,34,134
262479,42,395
262489,0,135
262499,0,407
262509,0,143
262519,0,418
262529,433,191
262539,695,464
262549,613,186
262559,483,451
262569,384,159
262579,272,429
262589,199,119
262599,140,401
262609,97,111
267118,0,235
267128,0,571
267138,0,93
267148,0,546
267158,0,86
267168,0,535
267178,0,86
267188,0,538
267198,0,85
267208,0,538
267218,0,84
267228,0,541
267238,0,81
267248,0,539
267258,0,84
267268,0,547
267278,0,86
267288,0,542
267298,0,86
267308,0,537
267318,0,84
267328,0,703
267338,0,133
267348,0,551
267358,0,90
267368,0,529
267378,0,81
267388,0,538
267398,0,82
267408,0,532
267418,0,80
267428,0,531
267438,0,85
267448,0,536
267458,0,85
267468,0,525
267478,0,81
267488,0,528
267498,0,86
267508,0,531
267518,0,86
267528,0,527
267538,0,87
267548,0,535
267558,0,91
267568,0,526
267578,0,91
267588,0,523
267598,0,87
267608,0,528
267618,0,90
267628,0,511
267638,0,90
267648,0,523
267658,0,91
267668,0,511
267678,0,93
267688,0,524
267698,0,90
267708,0,526
267718,0,92
267728,0,523
267738,0,95
267748,0,525
267758,0,93
267768,0,511
267778,0,94
267788,0,511
267798,0,92
267808,0,510
267818,0,93
267828,0,506
267838,0,95
267848,0,511
267858,0,103
267868,0,509
267878,0,95
267888,0,511
267898,0,94
267908,0,504
267918,0,91
267928,0,511
267938,0,95
267948,0,509
267958,0,94
267968,0,502
267978,0,94
267988,0,502
267998,0,100
268008,0,503
268018,0,93
